"../../../Engine/Plugins/Animation/ACLPlugin/Content/ACLAnimCurveCompressionSettings.uasset" 0
"../../../Engine/Plugins/Animation/ACLPlugin/Content/ACLAnimCurveCompressionSettings.uexp" 1
"../../../Engine/Plugins/Animation/ACLPlugin/Content/ACLAnimBoneCompressionSettings.uasset" 2
"../../../Engine/Plugins/Animation/ACLPlugin/Content/ACLAnimBoneCompressionSettings.uexp" 3
"../../../Engine/Plugins/2D/Paper2D/Content/PlaceholderTextures/DummySpriteTexture.ubulk" 4
"../../../Engine/Plugins/2D/Paper2D/Content/PlaceholderTextures/DummySpriteTexture.uasset" 5
"../../../Engine/Plugins/2D/Paper2D/Content/PlaceholderTextures/DummySpriteTexture.uexp" 6
"../../../Engine/Plugins/2D/Paper2D/Content/DummySprite.uasset" 7
"../../../Engine/Plugins/2D/Paper2D/Content/DummySprite.uexp" 8
"../../../Engine/Plugins/2D/Paper2D/Content/DefaultPaperTerrainMaterial.uasset" 9
"../../../Engine/Plugins/2D/Paper2D/Content/DefaultPaperTerrainMaterial.uexp" 10
"../../../Engine/Plugins/Interchange/Runtime/Content/Pipelines/DefaultTexturePipeline.uasset" 11
"../../../Engine/Plugins/Interchange/Runtime/Content/Pipelines/DefaultTexturePipeline.uexp" 12
"../../../Engine/Plugins/Interchange/Runtime/Content/Pipelines/DefaultSceneLevelPipeline.uasset" 13
"../../../Engine/Plugins/Interchange/Runtime/Content/Pipelines/DefaultSceneLevelPipeline.uexp" 14
"../../../Engine/Plugins/Interchange/Runtime/Content/Pipelines/DefaultSceneAssetsPipeline.uasset" 15
"../../../Engine/Plugins/Interchange/Runtime/Content/Pipelines/DefaultSceneAssetsPipeline.uexp" 16
"../../../Engine/Plugins/Interchange/Runtime/Content/Pipelines/DefaultMaterialXPipeline.uasset" 17
"../../../Engine/Plugins/Interchange/Runtime/Content/Pipelines/DefaultMaterialXPipeline.uexp" 18
"../../../Engine/Plugins/Interchange/Runtime/Content/Pipelines/DefaultMaterialPipeline.uasset" 19
"../../../Engine/Plugins/Interchange/Runtime/Content/Pipelines/DefaultMaterialPipeline.uexp" 20
"../../../Engine/Plugins/Interchange/Runtime/Content/Pipelines/DefaultGLTFSceneAssetsPipeline.uasset" 21
"../../../Engine/Plugins/Interchange/Runtime/Content/Pipelines/DefaultGLTFSceneAssetsPipeline.uexp" 22
"../../../Engine/Plugins/Interchange/Runtime/Content/Pipelines/DefaultGLTFPipeline.uasset" 23
"../../../Engine/Plugins/Interchange/Runtime/Content/Pipelines/DefaultGLTFPipeline.uexp" 24
"../../../Engine/Plugins/Interchange/Runtime/Content/Pipelines/DefaultGLTFAssetsPipeline.uasset" 25
"../../../Engine/Plugins/Interchange/Runtime/Content/Pipelines/DefaultGLTFAssetsPipeline.uexp" 26
"../../../Engine/Plugins/Interchange/Runtime/Content/Pipelines/DefaultAssetsPipeline.uasset" 27
"../../../Engine/Plugins/Interchange/Runtime/Content/Pipelines/DefaultAssetsPipeline.uexp" 28
"../../../Engine/Plugins/Animation/ControlRig/Content/Controls/DefaultGizmoLibraryNormalized.uasset" 29
"../../../Engine/Plugins/Animation/ControlRig/Content/Controls/DefaultGizmoLibraryNormalized.uexp" 30
"../../../Engine/Content/EngineSounds/Master.uasset" 31
"../../../Engine/Content/EngineSounds/Master.uexp" 32
"../../../Engine/Content/EngineMaterials/DefaultPhysicalMaterial.uasset" 33
"../../../Engine/Content/EngineMaterials/DefaultPhysicalMaterial.uexp" 34
"../../../Engine/Content/EngineMaterials/DefaultDestructiblePhysicalMaterial.uasset" 35
"../../../Engine/Content/EngineMaterials/DefaultDestructiblePhysicalMaterial.uexp" 36
"../../../Engine/Content/EngineFonts/Faces/RobotoLight.uexp" 37
"../../../Engine/Content/EngineFonts/Faces/RobotoLight.uasset" 38
"../../../Engine/Content/EngineFonts/Faces/RobotoLight.ufont" 39
"../../../Engine/Content/EngineFonts/Faces/RobotoBold.uexp" 40
"../../../Engine/Content/EngineFonts/Faces/RobotoBold.uasset" 41
"../../../Engine/Content/EngineFonts/Faces/RobotoBold.ufont" 42
"../../../Engine/Content/EngineFonts/Faces/RobotoRegular.uexp" 43
"../../../Engine/Content/EngineFonts/Faces/RobotoRegular.uasset" 44
"../../../Engine/Content/EngineFonts/Faces/RobotoRegular.ufont" 45
"../../../Engine/Content/EngineFonts/Faces/DroidSansFallback.uexp" 46
"../../../Engine/Content/EngineFonts/Faces/DroidSansFallback.uasset" 47
"../../../Engine/Content/EngineFonts/Faces/DroidSansFallback.ufont" 48
"../../../Engine/Content/EngineFonts/Faces/RobotoItalic.uexp" 49
"../../../Engine/Content/EngineFonts/Faces/RobotoItalic.uasset" 50
"../../../Engine/Content/EngineFonts/Faces/RobotoItalic.ufont" 51
"../../../Engine/Content/EngineFonts/Faces/RobotoBoldItalic.uexp" 52
"../../../Engine/Content/EngineFonts/Faces/RobotoBoldItalic.uasset" 53
"../../../Engine/Content/EngineFonts/Faces/RobotoBoldItalic.ufont" 54
"../../../Engine/Content/EngineFonts/Roboto.uasset" 55
"../../../Engine/Content/EngineFonts/Roboto.uexp" 56
"../../../Engine/Content/Animation/DefaultRecorderBoneCompression.uasset" 57
"../../../Engine/Content/Animation/DefaultRecorderBoneCompression.uexp" 58
"../../../Engine/Content/MobileResources/HUD/VirtualJoystick_Background.uasset" 59
"../../../Engine/Content/MobileResources/HUD/VirtualJoystick_Background.uexp" 60
"../../../Engine/Content/MobileResources/HUD/VirtualJoystick_Thumb.uasset" 61
"../../../Engine/Content/MobileResources/HUD/VirtualJoystick_Thumb.uexp" 62
"../../../Engine/Content/MobileResources/HUD/DefaultVirtualJoysticks.uasset" 63
"../../../Engine/Content/MobileResources/HUD/DefaultVirtualJoysticks.uexp" 64
"../../../Engine/Content/EditorResources/S_Actor.ubulk" 65
"../../../Engine/Content/EditorResources/S_Actor.uasset" 66
"../../../Engine/Content/EditorResources/S_Actor.uexp" 67
"../../../Engine/Content/EditorResources/S_BoxReflectionCapture.uasset" 68
"../../../Engine/Content/EditorResources/S_BoxReflectionCapture.uexp" 69
"../../../Engine/Content/EngineResources/DefaultTexture.ubulk" 70
"../../../Engine/Content/EngineResources/DefaultTexture.uasset" 71
"../../../Engine/Content/EngineResources/DefaultTexture.uexp" 72
"../../../Engine/Plugins/Runtime/AudioWidgets/Content/Resources/ScrubHandleDown_Clamped.uasset" 73
"../../../Engine/Plugins/Runtime/AudioWidgets/Content/Resources/ScrubHandleDown_Clamped.uexp" 74
"../../../Engine/Content/EngineResources/GradientTexture0.uasset" 75
"../../../Engine/Content/EngineResources/GradientTexture0.uexp" 76
"../../../Engine/Content/EngineResources/DefaultTextureCube.uasset" 77
"../../../Engine/Content/EngineResources/DefaultTextureCube.uexp" 78
"../../../Engine/Content/EngineResources/Black.uasset" 79
"../../../Engine/Content/EngineResources/Black.uexp" 80
"../../../Engine/Content/EngineMaterials/PreintegratedSkinBRDF.uasset" 81
"../../../Engine/Content/EngineMaterials/PreintegratedSkinBRDF.uexp" 82
"../../../Engine/Content/EngineMaterials/MiniFont.uasset" 83
"../../../Engine/Content/EngineMaterials/MiniFont.uexp" 84
"../../../Engine/Content/EngineMaterials/FastBlueNoise_vec2_128x128x64.uasset" 85
"../../../Engine/Content/EngineMaterials/FastBlueNoise_vec2_128x128x64.uexp" 86
"../../../Engine/Content/EngineMaterials/FastBlueNoise_scalar_128x128x64.uasset" 87
"../../../Engine/Content/EngineMaterials/FastBlueNoise_scalar_128x128x64.uexp" 88
"../../../Engine/Content/EngineMaterials/DefaultWhiteGrid.ubulk" 89
"../../../Engine/Content/EngineMaterials/DefaultWhiteGrid.uasset" 90
"../../../Engine/Content/EngineMaterials/DefaultWhiteGrid.uexp" 91
"../../../Engine/Content/EngineMaterials/DefaultBokeh.uasset" 92
"../../../Engine/Content/EngineMaterials/DefaultBokeh.uexp" 93
"../../../Engine/Content/EngineMaterials/DefaultBloomKernel.uasset" 94
"../../../Engine/Content/EngineMaterials/DefaultBloomKernel.uexp" 95
"../../../Engine/Content/EngineDamageTypes/DmgTypeBP_Environmental.uasset" 96
"../../../Engine/Content/EngineDamageTypes/DmgTypeBP_Environmental.uexp" 97
"../../../Engine/Content/EditorResources/S_TriggerSphere.uasset" 98
"../../../Engine/Content/EditorResources/S_TriggerSphere.uexp" 99
"../../../Engine/Content/EditorResources/S_TriggerCapsule.uasset" 100
"../../../Engine/Content/EditorResources/S_TriggerCapsule.uexp" 101
"../../../Engine/Content/EditorResources/S_TriggerBox.uasset" 102
"../../../Engine/Content/EditorResources/S_TriggerBox.uexp" 103
"../../../Engine/Content/EditorResources/S_Trigger.ubulk" 104
"../../../Engine/Content/EditorResources/S_Trigger.uasset" 105
"../../../Engine/Content/EditorResources/S_Trigger.uexp" 106
"../../../Engine/Content/EditorResources/S_Terrain.ubulk" 107
"../../../Engine/Content/EditorResources/S_Terrain.uasset" 108
"../../../Engine/Content/EditorResources/S_Terrain.uexp" 109
"../../../Engine/Content/EditorResources/S_Solver.ubulk" 110
"../../../Engine/Content/EditorResources/S_Solver.uasset" 111
"../../../Engine/Content/EditorResources/S_Solver.uexp" 112
"../../../Engine/Content/EditorResources/BSPVertex.uasset" 113
"../../../Engine/Content/EditorResources/BSPVertex.uexp" 114
"../../../Engine/Content/EditorLandscapeResources/DefaultAlphaTexture.uasset" 115
"../../../Engine/Content/EditorLandscapeResources/DefaultAlphaTexture.uexp" 116
"../../../Engine/Content/EngineMaterials/T_Default_Material_Grid_M.ubulk" 117
"../../../Engine/Content/EngineMaterials/T_Default_Material_Grid_M.uasset" 118
"../../../Engine/Content/EngineMaterials/T_Default_Material_Grid_M.uexp" 119
"../../../Engine/Content/EngineMaterials/T_Default_Material_Grid_N.ubulk" 120
"../../../Engine/Content/EngineMaterials/T_Default_Material_Grid_N.uasset" 121
"../../../Engine/Content/EngineMaterials/T_Default_Material_Grid_N.uexp" 122
"../../../Engine/Content/Functions/Engine_MaterialFunctions01/Opacity/CameraDepthFade.uasset" 123
"../../../Engine/Content/Functions/Engine_MaterialFunctions01/Opacity/CameraDepthFade.uexp" 124
"../../../Engine/Content/EngineMaterials/WorldGridMaterial.uasset" 125
"../../../Engine/Content/EngineMaterials/WorldGridMaterial.uexp" 126
"../../../Engine/Content/BasicShapes/Cube.ubulk" 127
"../../../Engine/Content/BasicShapes/Cube.uasset" 128
"../../../Engine/Content/BasicShapes/Cube.uexp" 129
"C:/Users/User/Desktop/UE_251025/Content/Blueprints/BP_IMass.uasset" 130
"C:/Users/User/Desktop/UE_251025/Content/Blueprints/BP_IMass.uexp" 131
"C:/Users/User/Desktop/UE_251025/Content/Blueprints/Widgets/WBP_PickupMessage.uasset" 132
"C:/Users/User/Desktop/UE_251025/Content/Blueprints/Widgets/WBP_PickupMessage.uexp" 133
"../../../Engine/Content/BasicShapes/BasicShapeMaterial.uasset" 134
"../../../Engine/Content/BasicShapes/BasicShapeMaterial.uexp" 135
"C:/Users/User/Desktop/UE_251025/Content/Blueprints/Platform/BP_Pickup.uasset" 136
"C:/Users/User/Desktop/UE_251025/Content/Blueprints/Platform/BP_Pickup.uexp" 137
"C:/Users/User/Desktop/UE_251025/Content/Blueprints/Input/IA_Fire.uasset" 138
"C:/Users/User/Desktop/UE_251025/Content/Blueprints/Input/IA_Fire.uexp" 139
"../../../Engine/Content/Animation/DefaultAnimCurveCompressionSettings.uasset" 140
"../../../Engine/Content/Animation/DefaultAnimCurveCompressionSettings.uexp" 141
"../../../Engine/Content/Animation/DefaultVariableFrameStrippingSettings.uasset" 142
"../../../Engine/Content/Animation/DefaultVariableFrameStrippingSettings.uexp" 143
"C:/Users/User/Desktop/UE_251025/Content/Characters/Mannequins/Meshes/SK_Mannequin.uasset" 144
"C:/Users/User/Desktop/UE_251025/Content/Characters/Mannequins/Meshes/SK_Mannequin.uexp" 145
"../../../Engine/Content/Animation/DefaultAnimBoneCompressionSettings.uasset" 146
"../../../Engine/Content/Animation/DefaultAnimBoneCompressionSettings.uexp" 147
"C:/Users/User/Desktop/UE_251025/Content/Characters/Mannequins/Animations/Manny/MM_Fall_Loop.uasset" 148
"C:/Users/User/Desktop/UE_251025/Content/Characters/Mannequins/Animations/Manny/MM_Fall_Loop.uexp" 149
"C:/Users/User/Desktop/UE_251025/Content/Characters/Mannequins/Animations/Manny/MM_Jump.uasset" 150
"C:/Users/User/Desktop/UE_251025/Content/Characters/Mannequins/Animations/Manny/MM_Jump.uexp" 151
"C:/Users/User/Desktop/UE_251025/Content/Characters/Mannequins/Animations/Manny/MM_Run_Fwd.uasset" 152
"C:/Users/User/Desktop/UE_251025/Content/Characters/Mannequins/Animations/Manny/MM_Run_Fwd.uexp" 153
"C:/Users/User/Desktop/UE_251025/Content/Characters/Mannequins/Animations/Manny/MM_Walk_Fwd.uasset" 154
"C:/Users/User/Desktop/UE_251025/Content/Characters/Mannequins/Animations/Manny/MM_Walk_Fwd.uexp" 155
"C:/Users/User/Desktop/UE_251025/Content/Characters/Mannequins/Animations/Manny/MM_Idle.uasset" 156
"C:/Users/User/Desktop/UE_251025/Content/Characters/Mannequins/Animations/Manny/MM_Idle.uexp" 157
"C:/Users/User/Desktop/UE_251025/Content/Blueprints/Characters/Player/BS_Unarmed.uasset" 158
"C:/Users/User/Desktop/UE_251025/Content/Blueprints/Characters/Player/BS_Unarmed.uexp" 159
"C:/Users/User/Desktop/UE_251025/Content/Blueprints/Characters/Player/AO_CC.uasset" 160
"C:/Users/User/Desktop/UE_251025/Content/Blueprints/Characters/Player/AO_CC.uexp" 161
"C:/Users/User/Desktop/UE_251025/Content/Blueprints/Characters/Player/AO_CU.uasset" 162
"C:/Users/User/Desktop/UE_251025/Content/Blueprints/Characters/Player/AO_CU.uexp" 163
"C:/Users/User/Desktop/UE_251025/Content/Blueprints/Characters/Player/AO_CD.uasset" 164
"C:/Users/User/Desktop/UE_251025/Content/Blueprints/Characters/Player/AO_CD.uexp" 165
"C:/Users/User/Desktop/UE_251025/Content/Blueprints/Characters/Player/AO_Player.uasset" 166
"C:/Users/User/Desktop/UE_251025/Content/Blueprints/Characters/Player/AO_Player.uexp" 167
"C:/Users/User/Desktop/UE_251025/Content/Characters/Mannequins/Animations/Manny/MM_Land.uasset" 168
"C:/Users/User/Desktop/UE_251025/Content/Characters/Mannequins/Animations/Manny/MM_Land.uexp" 169
"C:/Users/User/Desktop/UE_251025/Content/Animations/Locomotion/Rifle/MM_Rifle_Jog_Fwd.uasset" 170
"C:/Users/User/Desktop/UE_251025/Content/Animations/Locomotion/Rifle/MM_Rifle_Jog_Fwd.uexp" 171
"C:/Users/User/Desktop/UE_251025/Content/Animations/Locomotion/Rifle/MM_Rifle_Idle_ADS.uasset" 172
"C:/Users/User/Desktop/UE_251025/Content/Animations/Locomotion/Rifle/MM_Rifle_Idle_ADS.uexp" 173
"C:/Users/User/Desktop/UE_251025/Content/Animations/Locomotion/Rifle/MM_Rifle_Walk_Fwd.uasset" 174
"C:/Users/User/Desktop/UE_251025/Content/Animations/Locomotion/Rifle/MM_Rifle_Walk_Fwd.uexp" 175
"C:/Users/User/Desktop/UE_251025/Content/Blueprints/Characters/Player/BS_Rifle.uasset" 176
"C:/Users/User/Desktop/UE_251025/Content/Blueprints/Characters/Player/BS_Rifle.uexp" 177
"C:/Users/User/Desktop/UE_251025/Content/Blueprints/Characters/Player/ABP_Player.uasset" 178
"C:/Users/User/Desktop/UE_251025/Content/Blueprints/Characters/Player/ABP_Player.uexp" 179
"C:/Users/User/Desktop/UE_251025/Content/Blueprints/Input/IA_AutoFire.uasset" 180
"C:/Users/User/Desktop/UE_251025/Content/Blueprints/Input/IA_AutoFire.uexp" 181
"C:/Users/User/Desktop/UE_251025/Content/Blueprints/Input/IA_Look.uasset" 182
"C:/Users/User/Desktop/UE_251025/Content/Blueprints/Input/IA_Look.uexp" 183
"C:/Users/User/Desktop/UE_251025/Content/Blueprints/Input/IA_Pickup.uasset" 184
"C:/Users/User/Desktop/UE_251025/Content/Blueprints/Input/IA_Pickup.uexp" 185
"C:/Users/User/Desktop/UE_251025/Content/Blueprints/Input/IA_Aim.uasset" 186
"C:/Users/User/Desktop/UE_251025/Content/Blueprints/Input/IA_Aim.uexp" 187
"C:/Users/User/Desktop/UE_251025/Content/Blueprints/Input/IA_Jump.uasset" 188
"C:/Users/User/Desktop/UE_251025/Content/Blueprints/Input/IA_Jump.uexp" 189
"C:/Users/User/Desktop/UE_251025/Content/Blueprints/Input/IA_Move.uasset" 190
"C:/Users/User/Desktop/UE_251025/Content/Blueprints/Input/IA_Move.uexp" 191
"C:/Users/User/Desktop/UE_251025/Content/Blueprints/Input/IA_Run.uasset" 192
"C:/Users/User/Desktop/UE_251025/Content/Blueprints/Input/IA_Run.uexp" 193
"C:/Users/User/Desktop/UE_251025/Content/Blueprints/Input/IA_Menu.uasset" 194
"C:/Users/User/Desktop/UE_251025/Content/Blueprints/Input/IA_Menu.uexp" 195
"C:/Users/User/Desktop/UE_251025/Content/Blueprints/Input/IMC_Player.uasset" 196
"C:/Users/User/Desktop/UE_251025/Content/Blueprints/Input/IMC_Player.uexp" 197
"C:/Users/User/Desktop/UE_251025/Content/Characters/Mannequins/Rigs/Poses/Manny/Manny_foot_l_pose.uasset" 198
"C:/Users/User/Desktop/UE_251025/Content/Characters/Mannequins/Rigs/Poses/Manny/Manny_foot_l_pose.uexp" 199
"C:/Users/User/Desktop/UE_251025/Content/Characters/Mannequins/Rigs/Poses/Manny/Manny_thigh_r_pose.uasset" 200
"C:/Users/User/Desktop/UE_251025/Content/Characters/Mannequins/Rigs/Poses/Manny/Manny_thigh_r_pose.uexp" 201
"C:/Users/User/Desktop/UE_251025/Content/Characters/Mannequins/Rigs/Poses/Manny/Manny_hand_r_pose.uasset" 202
"C:/Users/User/Desktop/UE_251025/Content/Characters/Mannequins/Rigs/Poses/Manny/Manny_hand_r_pose.uexp" 203
"C:/Users/User/Desktop/UE_251025/Content/Characters/Mannequins/Rigs/Poses/Manny/Manny_clavicle_l_pose.uasset" 204
"C:/Users/User/Desktop/UE_251025/Content/Characters/Mannequins/Rigs/Poses/Manny/Manny_clavicle_l_pose.uexp" 205
"C:/Users/User/Desktop/UE_251025/Content/Characters/Mannequins/Rigs/Poses/Manny/Manny_calf_l_pose.uasset" 206
"C:/Users/User/Desktop/UE_251025/Content/Characters/Mannequins/Rigs/Poses/Manny/Manny_calf_l_pose.uexp" 207
"C:/Users/User/Desktop/UE_251025/Content/Characters/Mannequins/Rigs/Poses/Manny/Manny_hand_l_pose.uasset" 208
"C:/Users/User/Desktop/UE_251025/Content/Characters/Mannequins/Rigs/Poses/Manny/Manny_hand_l_pose.uexp" 209
"../../../Engine/Plugins/Animation/ControlRig/Content/Controls/DefaultGizmoLibrary.uasset" 210
"../../../Engine/Plugins/Animation/ControlRig/Content/Controls/DefaultGizmoLibrary.uexp" 211
"C:/Users/User/Desktop/UE_251025/Content/Characters/Mannequins/Rigs/CR_Mannequin_Procedural.uasset" 212
"C:/Users/User/Desktop/UE_251025/Content/Characters/Mannequins/Rigs/CR_Mannequin_Procedural.uexp" 213
"C:/Users/User/Desktop/UE_251025/Content/Characters/Mannequins/Rigs/Poses/Manny/Manny_upperarm_r_pose.uasset" 214
"C:/Users/User/Desktop/UE_251025/Content/Characters/Mannequins/Rigs/Poses/Manny/Manny_upperarm_r_pose.uexp" 215
"C:/Users/User/Desktop/UE_251025/Content/Characters/Mannequins/Rigs/Poses/Manny/Manny_lowerarm_r_pose.uasset" 216
"C:/Users/User/Desktop/UE_251025/Content/Characters/Mannequins/Rigs/Poses/Manny/Manny_lowerarm_r_pose.uexp" 217
"C:/Users/User/Desktop/UE_251025/Content/Characters/Mannequins/Rigs/Poses/Manny/Manny_calf_r_pose.uasset" 218
"C:/Users/User/Desktop/UE_251025/Content/Characters/Mannequins/Rigs/Poses/Manny/Manny_calf_r_pose.uexp" 219
"C:/Users/User/Desktop/UE_251025/Content/Characters/Mannequins/Rigs/Poses/Manny/Manny_foot_r_pose.uasset" 220
"C:/Users/User/Desktop/UE_251025/Content/Characters/Mannequins/Rigs/Poses/Manny/Manny_foot_r_pose.uexp" 221
"C:/Users/User/Desktop/UE_251025/Content/Characters/Mannequins/Rigs/Poses/Manny/Manny_lowerarm_l_pose.uasset" 222
"C:/Users/User/Desktop/UE_251025/Content/Characters/Mannequins/Rigs/Poses/Manny/Manny_lowerarm_l_pose.uexp" 223
"C:/Users/User/Desktop/UE_251025/Content/Characters/Mannequins/Rigs/Poses/Manny/Manny_clavicle_r_pose.uasset" 224
"C:/Users/User/Desktop/UE_251025/Content/Characters/Mannequins/Rigs/Poses/Manny/Manny_clavicle_r_pose.uexp" 225
"C:/Users/User/Desktop/UE_251025/Content/Characters/Mannequins/Rigs/Poses/Manny/Manny_thigh_l_pose.uasset" 226
"C:/Users/User/Desktop/UE_251025/Content/Characters/Mannequins/Rigs/Poses/Manny/Manny_thigh_l_pose.uexp" 227
"C:/Users/User/Desktop/UE_251025/Content/Characters/Mannequins/Rigs/Poses/Manny/Manny_upperarm_l_pose.uasset" 228
"C:/Users/User/Desktop/UE_251025/Content/Characters/Mannequins/Rigs/Poses/Manny/Manny_upperarm_l_pose.uexp" 229
"C:/Users/User/Desktop/UE_251025/Content/Characters/Mannequins/Rigs/ABP_Manny_PostProcess.uasset" 230
"C:/Users/User/Desktop/UE_251025/Content/Characters/Mannequins/Rigs/ABP_Manny_PostProcess.uexp" 231
"C:/Users/User/Desktop/UE_251025/Content/Characters/Mannequins/Textures/Manny/T_Manny_02_MSR_MSK.ubulk" 232
"C:/Users/User/Desktop/UE_251025/Content/Characters/Mannequins/Textures/Manny/T_Manny_02_MSR_MSK.uasset" 233
"C:/Users/User/Desktop/UE_251025/Content/Characters/Mannequins/Textures/Manny/T_Manny_02_MSR_MSK.uexp" 234
"C:/Users/User/Desktop/UE_251025/Content/Characters/Mannequins/Textures/Manny/T_Manny_02_CCRCCPlastic_MSK.ubulk" 235
"C:/Users/User/Desktop/UE_251025/Content/Characters/Mannequins/Textures/Manny/T_Manny_02_CCRCCPlastic_MSK.uasset" 236
"C:/Users/User/Desktop/UE_251025/Content/Characters/Mannequins/Textures/Manny/T_Manny_02_CCRCCPlastic_MSK.uexp" 237
"C:/Users/User/Desktop/UE_251025/Content/Characters/Mannequins/Textures/Manny/T_Manny_02_Tan.ubulk" 238
"C:/Users/User/Desktop/UE_251025/Content/Characters/Mannequins/Textures/Manny/T_Manny_02_Tan.uasset" 239
"C:/Users/User/Desktop/UE_251025/Content/Characters/Mannequins/Textures/Manny/T_Manny_02_Tan.uexp" 240
"C:/Users/User/Desktop/UE_251025/Content/Characters/Mannequins/Textures/Manny/T_Manny_02_N.ubulk" 241
"C:/Users/User/Desktop/UE_251025/Content/Characters/Mannequins/Textures/Manny/T_Manny_02_N.uasset" 242
"C:/Users/User/Desktop/UE_251025/Content/Characters/Mannequins/Textures/Manny/T_Manny_02_N.uexp" 243
"C:/Users/User/Desktop/UE_251025/Content/Characters/Mannequins/Textures/Manny/T_Manny_01_N.ubulk" 244
"C:/Users/User/Desktop/UE_251025/Content/Characters/Mannequins/Textures/Manny/T_Manny_01_N.uasset" 245
"C:/Users/User/Desktop/UE_251025/Content/Characters/Mannequins/Textures/Manny/T_Manny_01_N.uexp" 246
"C:/Users/User/Desktop/UE_251025/Content/Characters/Mannequins/Materials/Functions/ChromaticCurve.uasset" 247
"C:/Users/User/Desktop/UE_251025/Content/Characters/Mannequins/Materials/Functions/ChromaticCurve.uexp" 248
"C:/Users/User/Desktop/UE_251025/Content/Characters/Mannequins/Materials/Functions/CA_Mannequin.uasset" 249
"C:/Users/User/Desktop/UE_251025/Content/Characters/Mannequins/Materials/Functions/CA_Mannequin.uexp" 250
"C:/Users/User/Desktop/UE_251025/Content/Characters/Mannequins/Materials/Functions/MF_Diffraction.uasset" 251
"C:/Users/User/Desktop/UE_251025/Content/Characters/Mannequins/Materials/Functions/MF_Diffraction.uexp" 252
"C:/Users/User/Desktop/UE_251025/Content/Characters/Mannequins/Materials/Functions/ML_BaseColorFallOff.uasset" 253
"C:/Users/User/Desktop/UE_251025/Content/Characters/Mannequins/Materials/Functions/ML_BaseColorFallOff.uexp" 254
"../../../Engine/Content/Functions/Engine_MaterialFunctions02/Utility/BreakOutFloat2Components.uasset" 255
"../../../Engine/Content/Functions/Engine_MaterialFunctions02/Utility/BreakOutFloat2Components.uexp" 256
"../../../Engine/Content/Functions/Engine_MaterialFunctions01/Texturing/ScaleUVsByCenter.uasset" 257
"../../../Engine/Content/Functions/Engine_MaterialFunctions01/Texturing/ScaleUVsByCenter.uexp" 258
"C:/Users/User/Desktop/UE_251025/Content/Characters/Mannequins/Textures/Shared/T_UE_Logo_M.uasset" 259
"C:/Users/User/Desktop/UE_251025/Content/Characters/Mannequins/Textures/Shared/T_UE_Logo_M.uexp" 260
"C:/Users/User/Desktop/UE_251025/Content/Characters/Mannequins/Materials/Functions/MF_logo3layers.uasset" 261
"C:/Users/User/Desktop/UE_251025/Content/Characters/Mannequins/Materials/Functions/MF_logo3layers.uexp" 262
"C:/Users/User/Desktop/UE_251025/Content/Characters/Mannequins/Textures/Manny/T_Manny_01_CCRCCPlastic_MSK.ubulk" 263
"C:/Users/User/Desktop/UE_251025/Content/Characters/Mannequins/Textures/Manny/T_Manny_01_CCRCCPlastic_MSK.uasset" 264
"C:/Users/User/Desktop/UE_251025/Content/Characters/Mannequins/Textures/Manny/T_Manny_01_CCRCCPlastic_MSK.uexp" 265
"C:/Users/User/Desktop/UE_251025/Content/Characters/Mannequins/Textures/Manny/T_Manny_01_ASAOPMASK_MSK.ubulk" 266
"C:/Users/User/Desktop/UE_251025/Content/Characters/Mannequins/Textures/Manny/T_Manny_01_ASAOPMASK_MSK.uasset" 267
"C:/Users/User/Desktop/UE_251025/Content/Characters/Mannequins/Textures/Manny/T_Manny_01_ASAOPMASK_MSK.uexp" 268
"C:/Users/User/Desktop/UE_251025/Content/Characters/Mannequins/Textures/Manny/T_Manny_01_MSR_MSK.ubulk" 269
"C:/Users/User/Desktop/UE_251025/Content/Characters/Mannequins/Textures/Manny/T_Manny_01_MSR_MSK.uasset" 270
"C:/Users/User/Desktop/UE_251025/Content/Characters/Mannequins/Textures/Manny/T_Manny_01_MSR_MSK.uexp" 271
"C:/Users/User/Desktop/UE_251025/Content/Characters/Mannequins/Textures/Manny/T_Manny_01_BN.ubulk" 272
"C:/Users/User/Desktop/UE_251025/Content/Characters/Mannequins/Textures/Manny/T_Manny_01_BN.uasset" 273
"C:/Users/User/Desktop/UE_251025/Content/Characters/Mannequins/Textures/Manny/T_Manny_01_BN.uexp" 274
"C:/Users/User/Desktop/UE_251025/Content/Characters/Mannequins/Textures/Manny/T_Manny_01_D.ubulk" 275
"C:/Users/User/Desktop/UE_251025/Content/Characters/Mannequins/Textures/Manny/T_Manny_01_D.uasset" 276
"C:/Users/User/Desktop/UE_251025/Content/Characters/Mannequins/Textures/Manny/T_Manny_01_D.uexp" 277
"C:/Users/User/Desktop/UE_251025/Content/Characters/Mannequins/Textures/Manny/T_Manny_01_Tan.ubulk" 278
"C:/Users/User/Desktop/UE_251025/Content/Characters/Mannequins/Textures/Manny/T_Manny_01_Tan.uasset" 279
"C:/Users/User/Desktop/UE_251025/Content/Characters/Mannequins/Textures/Manny/T_Manny_01_Tan.uexp" 280
"C:/Users/User/Desktop/UE_251025/Content/Characters/Mannequins/Materials/M_Mannequin.uasset" 281
"C:/Users/User/Desktop/UE_251025/Content/Characters/Mannequins/Materials/M_Mannequin.uexp" 282
"C:/Users/User/Desktop/UE_251025/Content/Characters/Mannequins/Materials/Instances/Manny/MI_Manny_01.uasset" 283
"C:/Users/User/Desktop/UE_251025/Content/Characters/Mannequins/Materials/Instances/Manny/MI_Manny_01.uexp" 284
"C:/Users/User/Desktop/UE_251025/Content/Characters/Mannequins/Textures/Manny/T_Manny_02_BN.ubulk" 285
"C:/Users/User/Desktop/UE_251025/Content/Characters/Mannequins/Textures/Manny/T_Manny_02_BN.uasset" 286
"C:/Users/User/Desktop/UE_251025/Content/Characters/Mannequins/Textures/Manny/T_Manny_02_BN.uexp" 287
"C:/Users/User/Desktop/UE_251025/Content/Characters/Mannequins/Textures/Manny/T_Manny_02_ASAOPMASK_MSK.ubulk" 288
"C:/Users/User/Desktop/UE_251025/Content/Characters/Mannequins/Textures/Manny/T_Manny_02_ASAOPMASK_MSK.uasset" 289
"C:/Users/User/Desktop/UE_251025/Content/Characters/Mannequins/Textures/Manny/T_Manny_02_ASAOPMASK_MSK.uexp" 290
"C:/Users/User/Desktop/UE_251025/Content/Characters/Mannequins/Textures/Manny/T_Manny_02_D.ubulk" 291
"C:/Users/User/Desktop/UE_251025/Content/Characters/Mannequins/Textures/Manny/T_Manny_02_D.uasset" 292
"C:/Users/User/Desktop/UE_251025/Content/Characters/Mannequins/Textures/Manny/T_Manny_02_D.uexp" 293
"C:/Users/User/Desktop/UE_251025/Content/Characters/Mannequins/Materials/Instances/Manny/MI_Manny_02.uasset" 294
"C:/Users/User/Desktop/UE_251025/Content/Characters/Mannequins/Materials/Instances/Manny/MI_Manny_02.uexp" 295
"C:/Users/User/Desktop/UE_251025/Content/Characters/Mannequins/Rigs/PA_Mannequin.uasset" 296
"C:/Users/User/Desktop/UE_251025/Content/Characters/Mannequins/Rigs/PA_Mannequin.uexp" 297
"C:/Users/User/Desktop/UE_251025/Content/Characters/Mannequins/Meshes/SKM_Manny.uasset" 298
"C:/Users/User/Desktop/UE_251025/Content/Characters/Mannequins/Meshes/SKM_Manny.uexp" 299
"C:/Users/User/Desktop/UE_251025/Content/Animations/Actions/MM_Rifle_Fire.uasset" 300
"C:/Users/User/Desktop/UE_251025/Content/Animations/Actions/MM_Rifle_Fire.uexp" 301
"C:/Users/User/Desktop/UE_251025/Content/Animations/Actions/Fire_Montage.uasset" 302
"C:/Users/User/Desktop/UE_251025/Content/Animations/Actions/Fire_Montage.uexp" 303
"../../../Engine/Content/Editor/Slate/Icons/AssetIcons/Cylinder_64x.uasset" 304
"../../../Engine/Content/Editor/Slate/Icons/AssetIcons/Cylinder_64x.uexp" 305
"C:/Users/User/Desktop/UE_251025/Content/Blueprints/Widgets/WBP_PlayerHUD.uasset" 306
"C:/Users/User/Desktop/UE_251025/Content/Blueprints/Widgets/WBP_PlayerHUD.uexp" 307
"C:/Users/User/Desktop/UE_251025/Content/Weapons/Rifle/Textures/T_Rifle_Masks.ubulk" 308
"C:/Users/User/Desktop/UE_251025/Content/Weapons/Rifle/Textures/T_Rifle_Masks.uasset" 309
"C:/Users/User/Desktop/UE_251025/Content/Weapons/Rifle/Textures/T_Rifle_Masks.uexp" 310
"C:/Users/User/Desktop/UE_251025/Content/Weapons/Rifle/Textures/T_Rifle_Combined_N.ubulk" 311
"C:/Users/User/Desktop/UE_251025/Content/Weapons/Rifle/Textures/T_Rifle_Combined_N.uasset" 312
"C:/Users/User/Desktop/UE_251025/Content/Weapons/Rifle/Textures/T_Rifle_Combined_N.uexp" 313
"C:/Users/User/Desktop/UE_251025/Content/Weapons/Rifle/Textures/T_Rifle_AORM.ubulk" 314
"C:/Users/User/Desktop/UE_251025/Content/Weapons/Rifle/Textures/T_Rifle_AORM.uasset" 315
"C:/Users/User/Desktop/UE_251025/Content/Weapons/Rifle/Textures/T_Rifle_AORM.uexp" 316
"C:/Users/User/Desktop/UE_251025/Content/Weapons/Rifle/Textures/T_Rifle_D.ubulk" 317
"C:/Users/User/Desktop/UE_251025/Content/Weapons/Rifle/Textures/T_Rifle_D.uasset" 318
"C:/Users/User/Desktop/UE_251025/Content/Weapons/Rifle/Textures/T_Rifle_D.uexp" 319
"C:/Users/User/Desktop/UE_251025/Content/Weapons/Rifle/Materials/MI_Weapon_Rifle.uasset" 320
"C:/Users/User/Desktop/UE_251025/Content/Weapons/Rifle/Materials/MI_Weapon_Rifle.uexp" 321
"C:/Users/User/Desktop/UE_251025/Content/Weapons/Rifle/Mesh/SK_Rifle_Skeleton.uasset" 322
"C:/Users/User/Desktop/UE_251025/Content/Weapons/Rifle/Mesh/SK_Rifle_Skeleton.uexp" 323
"C:/Users/User/Desktop/UE_251025/Content/Weapons/Rifle/Mesh/SK_Rifle_PhysicsAsset.uasset" 324
"C:/Users/User/Desktop/UE_251025/Content/Weapons/Rifle/Mesh/SK_Rifle_PhysicsAsset.uexp" 325
"C:/Users/User/Desktop/UE_251025/Content/Weapons/Rifle/Mesh/SK_Rifle.uasset" 326
"C:/Users/User/Desktop/UE_251025/Content/Weapons/Rifle/Mesh/SK_Rifle.uexp" 327
"C:/Users/User/Desktop/UE_251025/Content/Audio/Sounds/Weapons/Rifle2/Weapons_Rifle2_Noise-Interior-Close_01.ubulk" 328
"C:/Users/User/Desktop/UE_251025/Content/Audio/Sounds/Weapons/Rifle2/Weapons_Rifle2_Noise-Interior-Close_01.uasset" 329
"C:/Users/User/Desktop/UE_251025/Content/Audio/Sounds/Weapons/Rifle2/Weapons_Rifle2_Noise-Interior-Close_01.uexp" 330
"C:/Users/User/Desktop/UE_251025/Content/RifleSoundCue.uasset" 331
"C:/Users/User/Desktop/UE_251025/Content/RifleSoundCue.uexp" 332
"C:/Users/User/Desktop/UE_251025/Content/Blueprints/Items/BP_CameraShake.uasset" 333
"C:/Users/User/Desktop/UE_251025/Content/Blueprints/Items/BP_CameraShake.uexp" 334
"C:/Users/User/Desktop/UE_251025/Content/Blueprints/Items/BP_Item.uasset" 335
"C:/Users/User/Desktop/UE_251025/Content/Blueprints/Items/BP_Item.uexp" 336
"../../../Engine/Content/EngineMaterials/DefaultMaterial.uasset" 337
"../../../Engine/Content/EngineMaterials/DefaultMaterial.uexp" 338
"../../../Engine/Content/BasicShapes/Sphere.ubulk" 339
"../../../Engine/Content/BasicShapes/Sphere.uasset" 340
"../../../Engine/Content/BasicShapes/Sphere.uexp" 341
"C:/Users/User/Desktop/UE_251025/Content/Materials/M_Projectile.uasset" 342
"C:/Users/User/Desktop/UE_251025/Content/Materials/M_Projectile.uexp" 343
"../../../Engine/Content/Functions/Engine_MaterialFunctions02/Utility/CameraDirectionVector.uasset" 344
"../../../Engine/Content/Functions/Engine_MaterialFunctions02/Utility/CameraDirectionVector.uexp" 345
"../../../Engine/Content/Functions/Engine_MaterialFunctions02/SafeNormalize.uasset" 346
"../../../Engine/Content/Functions/Engine_MaterialFunctions02/SafeNormalize.uexp" 347
"C:/Users/User/Desktop/UE_251025/Content/Effects/MaterialFunctions/MF_MotionStretch.uasset" 348
"C:/Users/User/Desktop/UE_251025/Content/Effects/MaterialFunctions/MF_MotionStretch.uexp" 349
"C:/Users/User/Desktop/UE_251025/Content/Effects/Curves/FX_Pyro_Fire.uasset" 350
"C:/Users/User/Desktop/UE_251025/Content/Effects/Curves/FX_Pyro_Fire.uexp" 351
"C:/Users/User/Desktop/UE_251025/Content/Effects/Curves/FX_Pyro_Sparks.uasset" 352
"C:/Users/User/Desktop/UE_251025/Content/Effects/Curves/FX_Pyro_Sparks.uexp" 353
"C:/Users/User/Desktop/UE_251025/Content/Effects/Curves/FX_Pyro_Fire_2.uasset" 354
"C:/Users/User/Desktop/UE_251025/Content/Effects/Curves/FX_Pyro_Fire_2.uexp" 355
"C:/Users/User/Desktop/UE_251025/Content/Effects/Curves/FX_Pyro_Fire_3.uasset" 356
"C:/Users/User/Desktop/UE_251025/Content/Effects/Curves/FX_Pyro_Fire_3.uexp" 357
"C:/Users/User/Desktop/UE_251025/Content/Effects/Curves/FX_Pyro.uasset" 358
"C:/Users/User/Desktop/UE_251025/Content/Effects/Curves/FX_Pyro.uexp" 359
"C:/Users/User/Desktop/UE_251025/Content/Effects/MaterialFunctions/MF_SpriteEmissive.uasset" 360
"C:/Users/User/Desktop/UE_251025/Content/Effects/MaterialFunctions/MF_SpriteEmissive.uexp" 361
"C:/Users/User/Desktop/UE_251025/Content/Effects/MaterialFunctions/MF_AngleFade.uasset" 362
"C:/Users/User/Desktop/UE_251025/Content/Effects/MaterialFunctions/MF_AngleFade.uexp" 363
"../../../Engine/Content/Functions/Engine_MaterialFunctions02/Utility/VectorLength.uasset" 364
"../../../Engine/Content/Functions/Engine_MaterialFunctions02/Utility/VectorLength.uexp" 365
"C:/Users/User/Desktop/UE_251025/Content/Effects/MaterialFunctions/MF_NearDistanceFade.uasset" 366
"C:/Users/User/Desktop/UE_251025/Content/Effects/MaterialFunctions/MF_NearDistanceFade.uexp" 367
"C:/Users/User/Desktop/UE_251025/Content/Effects/MaterialFunctions/MF_DepthFade.uasset" 368
"C:/Users/User/Desktop/UE_251025/Content/Effects/MaterialFunctions/MF_DepthFade.uexp" 369
"C:/Users/User/Desktop/UE_251025/Content/Effects/MaterialFunctions/MF_SpriteOpacity.uasset" 370
"C:/Users/User/Desktop/UE_251025/Content/Effects/MaterialFunctions/MF_SpriteOpacity.uexp" 371
"../../../Engine/Content/Functions/Engine_MaterialFunctions02/Utility/BreakOutFloat3Components.uasset" 372
"../../../Engine/Content/Functions/Engine_MaterialFunctions02/Utility/BreakOutFloat3Components.uexp" 373
"../../../Engine/Content/Functions/Engine_MaterialFunctions02/Math/Transform3x3Matrix.uasset" 374
"../../../Engine/Content/Functions/Engine_MaterialFunctions02/Math/Transform3x3Matrix.uexp" 375
"../../../Engine/Content/Functions/Engine_MaterialFunctions02/Gradients/StretchGradient.uasset" 376
"../../../Engine/Content/Functions/Engine_MaterialFunctions02/Gradients/StretchGradient.uexp" 377
"../../../Engine/Content/Functions/Engine_MaterialFunctions02/ExampleContent/Textures/SphereRenderHeightMap.ubulk" 378
"../../../Engine/Content/Functions/Engine_MaterialFunctions02/ExampleContent/Textures/SphereRenderHeightMap.uasset" 379
"../../../Engine/Content/Functions/Engine_MaterialFunctions02/ExampleContent/Textures/SphereRenderHeightMap.uexp" 380
"../../../Engine/Content/Functions/Engine_MaterialFunctions01/Gradient/LinearGradient.uasset" 381
"../../../Engine/Content/Functions/Engine_MaterialFunctions01/Gradient/LinearGradient.uexp" 382
"../../../Engine/Content/Functions/Engine_MaterialFunctions02/ExampleContent/Textures/SphereRenderNormalsMap.ubulk" 383
"../../../Engine/Content/Functions/Engine_MaterialFunctions02/ExampleContent/Textures/SphereRenderNormalsMap.uasset" 384
"../../../Engine/Content/Functions/Engine_MaterialFunctions02/ExampleContent/Textures/SphereRenderNormalsMap.uexp" 385
"../../../Engine/Content/Functions/Engine_MaterialFunctions02/ExampleContent/Textures/SphereRenderMask.ubulk" 386
"../../../Engine/Content/Functions/Engine_MaterialFunctions02/ExampleContent/Textures/SphereRenderMask.uasset" 387
"../../../Engine/Content/Functions/Engine_MaterialFunctions02/ExampleContent/Textures/SphereRenderMask.uexp" 388
"../../../Engine/Content/Functions/Engine_MaterialFunctions02/WorldPositionOffset/Sprite_Capsule.uasset" 389
"../../../Engine/Content/Functions/Engine_MaterialFunctions02/WorldPositionOffset/Sprite_Capsule.uexp" 390
"C:/Users/User/Desktop/UE_251025/Content/Effects/Materials/Sparks/M_Sparks_Base.uasset" 391
"C:/Users/User/Desktop/UE_251025/Content/Effects/Materials/Sparks/M_Sparks_Base.uexp" 392
"C:/Users/User/Desktop/UE_251025/Content/Effects/Materials/Sparks/Instances/MI_Sparks_Metal.uasset" 393
"C:/Users/User/Desktop/UE_251025/Content/Effects/Materials/Sparks/Instances/MI_Sparks_Metal.uexp" 394
"../../../Engine/Plugins/FX/Niagara/Content/VectorFields/Assets/TilingCurl32.uasset" 395
"../../../Engine/Plugins/FX/Niagara/Content/VectorFields/Assets/TilingCurl32.uexp" 396
"C:/Users/User/Desktop/UE_251025/Content/Effects/EffectTypes/EffectType_Weapon_Impacts.uasset" 397
"C:/Users/User/Desktop/UE_251025/Content/Effects/EffectTypes/EffectType_Weapon_Impacts.uexp" 398
"C:/Users/User/Desktop/UE_251025/Content/Effects/Textures/Flipbooks/LDR_Squib_2_rop_comp1_0001_flipbook.ubulk" 399
"C:/Users/User/Desktop/UE_251025/Content/Effects/Textures/Flipbooks/LDR_Squib_2_rop_comp1_0001_flipbook.uasset" 400
"C:/Users/User/Desktop/UE_251025/Content/Effects/Textures/Flipbooks/LDR_Squib_2_rop_comp1_0001_flipbook.uexp" 401
"C:/Users/User/Desktop/UE_251025/Content/Effects/MaterialFunctions/MF_ChannelRemapRGB.uasset" 402
"C:/Users/User/Desktop/UE_251025/Content/Effects/MaterialFunctions/MF_ChannelRemapRGB.uexp" 403
"C:/Users/User/Desktop/UE_251025/Content/Effects/MaterialFunctions/MF_TextureChannelSelect.uasset" 404
"C:/Users/User/Desktop/UE_251025/Content/Effects/MaterialFunctions/MF_TextureChannelSelect.uexp" 405
"../../../Engine/Content/Functions/Engine_MaterialFunctions03/Math/RemapValueRange.uasset" 406
"../../../Engine/Content/Functions/Engine_MaterialFunctions03/Math/RemapValueRange.uexp" 407
"C:/Users/User/Desktop/UE_251025/Content/Effects/MaterialFunctions/MF_ChannelRemap.uasset" 408
"C:/Users/User/Desktop/UE_251025/Content/Effects/MaterialFunctions/MF_ChannelRemap.uexp" 409
"C:/Users/User/Desktop/UE_251025/Content/Effects/MaterialFunctions/MF_TextureEmissive.uasset" 410
"C:/Users/User/Desktop/UE_251025/Content/Effects/MaterialFunctions/MF_TextureEmissive.uexp" 411
"C:/Users/User/Desktop/UE_251025/Content/Effects/MaterialFunctions/MF_TextureOpacity.uasset" 412
"C:/Users/User/Desktop/UE_251025/Content/Effects/MaterialFunctions/MF_TextureOpacity.uexp" 413
"C:/Users/User/Desktop/UE_251025/Content/Effects/Textures/Flipbooks/T_Explosion_Areal_E64.ubulk" 414
"C:/Users/User/Desktop/UE_251025/Content/Effects/Textures/Flipbooks/T_Explosion_Areal_E64.uasset" 415
"C:/Users/User/Desktop/UE_251025/Content/Effects/Textures/Flipbooks/T_Explosion_Areal_E64.uexp" 416
"C:/Users/User/Desktop/UE_251025/Content/Effects/MaterialFunctions/MF_TextureDiffuse.uasset" 417
"C:/Users/User/Desktop/UE_251025/Content/Effects/MaterialFunctions/MF_TextureDiffuse.uexp" 418
"C:/Users/User/Desktop/UE_251025/Content/Effects/MaterialFunctions/MF_SpriteDiffuse.uasset" 419
"C:/Users/User/Desktop/UE_251025/Content/Effects/MaterialFunctions/MF_SpriteDiffuse.uexp" 420
"C:/Users/User/Desktop/UE_251025/Content/Effects/Materials/Pyro/M_Flipbook_Pyro_Base.uasset" 421
"C:/Users/User/Desktop/UE_251025/Content/Effects/Materials/Pyro/M_Flipbook_Pyro_Base.uexp" 422
"C:/Users/User/Desktop/UE_251025/Content/Effects/Materials/Pyro/Instances/MI_Flipbook_Pyro_Diffuse_ImpactSmoke.uasset" 423
"C:/Users/User/Desktop/UE_251025/Content/Effects/Materials/Pyro/Instances/MI_Flipbook_Pyro_Diffuse_ImpactSmoke.uexp" 424
"C:/Users/User/Desktop/UE_251025/Content/Effects/Particles/Impacts/NS_ImactSparksCharacter.uasset" 425
"C:/Users/User/Desktop/UE_251025/Content/Effects/Particles/Impacts/NS_ImactSparksCharacter.uexp" 426
"C:/Users/User/Desktop/UE_251025/Content/Blueprints/Items/BP_Projectile.uasset" 427
"C:/Users/User/Desktop/UE_251025/Content/Blueprints/Items/BP_Projectile.uexp" 428
"C:/Users/User/Desktop/UE_251025/Content/Blueprints/Items/BP_Weapon.uasset" 429
"C:/Users/User/Desktop/UE_251025/Content/Blueprints/Items/BP_Weapon.uexp" 430
"C:/Users/User/Desktop/UE_251025/Content/Blueprints/Widgets/WBP_Menu.uasset" 431
"C:/Users/User/Desktop/UE_251025/Content/Blueprints/Widgets/WBP_Menu.uexp" 432
"C:/Users/User/Desktop/UE_251025/Content/Blueprints/Characters/Player/BP_Player.uasset" 433
"C:/Users/User/Desktop/UE_251025/Content/Blueprints/Characters/Player/BP_Player.uexp" 434
"C:/Users/User/Desktop/UE_251025/Content/Blueprints/Game/BP_GameMode.uasset" 435
"C:/Users/User/Desktop/UE_251025/Content/Blueprints/Game/BP_GameMode.uexp" 436
"../../../Engine/Content/EngineResources/FilmGrains/Marcie_Grain_v3_128_M2_000.uasset" 437
"../../../Engine/Content/EngineResources/FilmGrains/Marcie_Grain_v3_128_M2_000.uexp" 438
"../../../Engine/Content/EngineMaterials/LTC/Sheen_LTC.uasset" 439
"../../../Engine/Content/EngineMaterials/LTC/Sheen_LTC.uexp" 440
"../../../Engine/Content/EngineMaterials/LTC/GGX_LTCMat.uasset" 441
"../../../Engine/Content/EngineMaterials/LTC/GGX_LTCMat.uexp" 442
"../../../Engine/Content/EngineMaterials/LTC/GGX_LTCAmp.uasset" 443
"../../../Engine/Content/EngineMaterials/LTC/GGX_LTCAmp.uexp" 444
"../../../Engine/Content/EngineMaterials/EnergyConservation/Sheen_Energy.uasset" 445
"../../../Engine/Content/EngineMaterials/EnergyConservation/Sheen_Energy.uexp" 446
"../../../Engine/Content/EngineMaterials/EnergyConservation/SheenLegacy_Energy.uasset" 447
"../../../Engine/Content/EngineMaterials/EnergyConservation/SheenLegacy_Energy.uexp" 448
"../../../Engine/Content/EngineMaterials/EnergyConservation/GGX_TransmissionEnergyArray.uasset" 449
"../../../Engine/Content/EngineMaterials/EnergyConservation/GGX_TransmissionEnergyArray.uexp" 450
"../../../Engine/Content/EngineMaterials/EnergyConservation/GGX_ReflectionEnergy.uasset" 451
"../../../Engine/Content/EngineMaterials/EnergyConservation/GGX_ReflectionEnergy.uexp" 452
"../../../Engine/Content/EngineMaterials/EnergyConservation/Diffuse_Energy.uasset" 453
"../../../Engine/Content/EngineMaterials/EnergyConservation/Diffuse_Energy.uexp" 454
"../../../Engine/Content/EditorResources/SequenceRecorder/RecordingIndicator.uasset" 455
"../../../Engine/Content/EditorResources/SequenceRecorder/RecordingIndicator.uexp" 456
"../../../Engine/Content/EditorResources/SequenceRecorder/Countdown.uasset" 457
"../../../Engine/Content/EditorResources/SequenceRecorder/Countdown.uexp" 458
"../../../Engine/Content/EditorMaterials/ParticleSystems/PSysThumbnail_OOD.ubulk" 459
"../../../Engine/Content/EditorMaterials/ParticleSystems/PSysThumbnail_OOD.uasset" 460
"../../../Engine/Content/EditorMaterials/ParticleSystems/PSysThumbnail_OOD.uexp" 461
"../../../Engine/Content/EditorMaterials/ParticleSystems/PSysThumbnail_NoImage.ubulk" 462
"../../../Engine/Content/EditorMaterials/ParticleSystems/PSysThumbnail_NoImage.uasset" 463
"../../../Engine/Content/EditorMaterials/ParticleSystems/PSysThumbnail_NoImage.uexp" 464
"../../../Engine/Content/EngineMaterials/Substrate/Volume/SubstrateSimpleVolumeLUT3D.uasset" 465
"../../../Engine/Content/EngineMaterials/Substrate/Volume/SubstrateSimpleVolumeLUT3D.uexp" 466
"../../../Engine/Content/EngineMaterials/Substrate/Volume/SubstrateSimpleVolumeEnvLUT3D.uasset" 467
"../../../Engine/Content/EngineMaterials/Substrate/Volume/SubstrateSimpleVolumeEnvLUT3D.uexp" 468
"../../../Engine/Content/EngineResources/DefaultVolumeTexture2D.uasset" 469
"../../../Engine/Content/EngineResources/DefaultVolumeTexture2D.uexp" 470
"../../../Engine/Content/EngineResources/DefaultVolumeTexture.uasset" 471
"../../../Engine/Content/EngineResources/DefaultVolumeTexture.uexp" 472
"../../../Engine/Plugins/Interchange/Assets/Content/Functions/MX_AbsorptionVDF.uasset" 473
"../../../Engine/Plugins/Interchange/Assets/Content/Functions/MX_AbsorptionVDF.uexp" 474
"../../../Engine/Plugins/Interchange/Assets/Content/Functions/MX_AnisotropicVDF.uasset" 475
"../../../Engine/Plugins/Interchange/Assets/Content/Functions/MX_AnisotropicVDF.uexp" 476
"../../../Engine/Plugins/Interchange/Assets/Content/Functions/MX_BurleyDiffuseBSDF.uasset" 477
"../../../Engine/Plugins/Interchange/Assets/Content/Functions/MX_BurleyDiffuseBSDF.uexp" 478
"../../../Engine/Plugins/Interchange/Assets/Content/Functions/MX_ConductorBSDF.uasset" 479
"../../../Engine/Plugins/Interchange/Assets/Content/Functions/MX_ConductorBSDF.uexp" 480
"../../../Engine/Plugins/Interchange/Assets/Content/Functions/MX_ConicalEDF.uasset" 481
"../../../Engine/Plugins/Interchange/Assets/Content/Functions/MX_ConicalEDF.uexp" 482
"../../../Engine/Plugins/Interchange/Assets/Content/Functions/MX_DielectricBSDF.uasset" 483
"../../../Engine/Plugins/Interchange/Assets/Content/Functions/MX_DielectricBSDF.uexp" 484
"../../../Engine/Plugins/Interchange/Assets/Content/Functions/MX_GeneralizedSchlickBSDF.uasset" 485
"../../../Engine/Plugins/Interchange/Assets/Content/Functions/MX_GeneralizedSchlickBSDF.uexp" 486
"../../../Engine/Plugins/Interchange/Assets/Content/Functions/MX_MeasuredEDF.uasset" 487
"../../../Engine/Plugins/Interchange/Assets/Content/Functions/MX_MeasuredEDF.uexp" 488
"../../../Engine/Plugins/Interchange/Assets/Content/Utilities/New_LUT.uasset" 489
"../../../Engine/Plugins/Interchange/Assets/Content/Utilities/New_LUT.uexp" 490
"../../../Engine/Plugins/Interchange/Assets/Content/Functions/MF_Iridescence.uasset" 491
"../../../Engine/Plugins/Interchange/Assets/Content/Functions/MF_Iridescence.uexp" 492
"../../../Engine/Plugins/Interchange/Assets/Content/Functions/MX_StandardSurface.uasset" 493
"../../../Engine/Plugins/Interchange/Assets/Content/Functions/MX_StandardSurface.uexp" 494
"../../../Engine/Plugins/Interchange/Assets/Content/Functions/MX_OpenPBR_Opaque.uasset" 495
"../../../Engine/Plugins/Interchange/Assets/Content/Functions/MX_OpenPBR_Opaque.uexp" 496
"../../../Engine/Plugins/Interchange/Assets/Content/Functions/MX_TransmissionSurface.uasset" 497
"../../../Engine/Plugins/Interchange/Assets/Content/Functions/MX_TransmissionSurface.uexp" 498
"../../../Engine/Plugins/Interchange/Assets/Content/Functions/MX_OpenPBR_Translucent.uasset" 499
"../../../Engine/Plugins/Interchange/Assets/Content/Functions/MX_OpenPBR_Translucent.uexp" 500
"../../../Engine/Plugins/Interchange/Assets/Content/Functions/MX_OrenNayarBSDF.uasset" 501
"../../../Engine/Plugins/Interchange/Assets/Content/Functions/MX_OrenNayarBSDF.uexp" 502
"../../../Engine/Plugins/Interchange/Assets/Content/Functions/MX_SheenBSDF.uasset" 503
"../../../Engine/Plugins/Interchange/Assets/Content/Functions/MX_SheenBSDF.uexp" 504
"../../../Engine/Plugins/Interchange/Assets/Content/Functions/MX_SubsurfaceBSDF.uasset" 505
"../../../Engine/Plugins/Interchange/Assets/Content/Functions/MX_SubsurfaceBSDF.uexp" 506
"../../../Engine/Plugins/Interchange/Assets/Content/Functions/MX_Surface.uasset" 507
"../../../Engine/Plugins/Interchange/Assets/Content/Functions/MX_Surface.uexp" 508
"../../../Engine/Plugins/Interchange/Assets/Content/Functions/MX_SurfaceUnlit.uasset" 509
"../../../Engine/Plugins/Interchange/Assets/Content/Functions/MX_SurfaceUnlit.uexp" 510
"../../../Engine/Plugins/Interchange/Assets/Content/Functions/MX_ThinFilmBSDF.uasset" 511
"../../../Engine/Plugins/Interchange/Assets/Content/Functions/MX_ThinFilmBSDF.uexp" 512
"../../../Engine/Plugins/Interchange/Assets/Content/Functions/MX_TranslucentBSDF.uasset" 513
"../../../Engine/Plugins/Interchange/Assets/Content/Functions/MX_TranslucentBSDF.uexp" 514
"../../../Engine/Plugins/Interchange/Assets/Content/Functions/MX_UniformEDF.uasset" 515
"../../../Engine/Plugins/Interchange/Assets/Content/Functions/MX_UniformEDF.uexp" 516
"../../../Engine/Plugins/Interchange/Assets/Content/Functions/MX_UsdPreviewSurface.uasset" 517
"../../../Engine/Plugins/Interchange/Assets/Content/Functions/MX_UsdPreviewSurface.uexp" 518
"../../../Engine/Content/Functions/Engine_MaterialFunctions01/Shading/PowerToRoughness.uasset" 519
"../../../Engine/Content/Functions/Engine_MaterialFunctions01/Shading/PowerToRoughness.uexp" 520
"../../../Engine/Content/Functions/Engine_MaterialFunctions01/Shading/ConvertFromDiffSpec.uasset" 521
"../../../Engine/Content/Functions/Engine_MaterialFunctions01/Shading/ConvertFromDiffSpec.uexp" 522
"../../../Engine/Content/EditorMaterials/Dataflow/DataflowTwoSidedVertexMaterial.uasset" 523
"../../../Engine/Content/EditorMaterials/Dataflow/DataflowTwoSidedVertexMaterial.uexp" 524
"../../../Engine/Content/EditorMaterials/Dataflow/DataflowVertexMaterial.uasset" 525
"../../../Engine/Content/EditorMaterials/Dataflow/DataflowVertexMaterial.uexp" 526
"../../../Engine/Content/EditorMaterials/PhAT_NoCollisionMaterial.uasset" 527
"../../../Engine/Content/EditorMaterials/PhAT_NoCollisionMaterial.uexp" 528
"../../../Engine/Content/EditorMaterials/PhAT_UnselectedMaterial.uasset" 529
"../../../Engine/Content/EditorMaterials/PhAT_UnselectedMaterial.uexp" 530
"../../../Engine/Content/EditorMaterials/PreviewShadowIndicator.ubulk" 531
"../../../Engine/Content/EditorMaterials/PreviewShadowIndicator.uasset" 532
"../../../Engine/Content/EditorMaterials/PreviewShadowIndicator.uexp" 533
"../../../Engine/Content/EditorMaterials/PreviewShadowIndicatorMaterial.uasset" 534
"../../../Engine/Content/EditorMaterials/PreviewShadowIndicatorMaterial.uexp" 535
"../../../Engine/Content/EngineDebugMaterials/DebugEditorMaterial.uasset" 536
"../../../Engine/Content/EngineDebugMaterials/DebugEditorMaterial.uexp" 537
"../../../Engine/Content/EngineDebugMaterials/DebugMeshMaterial.uasset" 538
"../../../Engine/Content/EngineDebugMaterials/DebugMeshMaterial.uexp" 539
"../../../Engine/Content/EngineDebugMaterials/M_SimpleUnlitTranslucent.uasset" 540
"../../../Engine/Content/EngineDebugMaterials/M_SimpleUnlitTranslucent.uexp" 541
"../../../Engine/Content/EngineDebugMaterials/VolumeToRender.uasset" 542
"../../../Engine/Content/EngineDebugMaterials/VolumeToRender.uexp" 543
"../../../Engine/Content/EngineDebugMaterials/M_VolumeRenderSphereTracePP.uasset" 544
"../../../Engine/Content/EngineDebugMaterials/M_VolumeRenderSphereTracePP.uexp" 545
"../../../Engine/Content/EngineMaterials/DefaultDiffuse.ubulk" 546
"../../../Engine/Content/EngineMaterials/DefaultDiffuse.uasset" 547
"../../../Engine/Content/EngineMaterials/DefaultDiffuse.uexp" 548
"../../../Engine/Content/EngineMaterials/DefaultDeferredDecalMaterial.uasset" 549
"../../../Engine/Content/EngineMaterials/DefaultDeferredDecalMaterial.uexp" 550
"../../../Engine/Content/EngineMaterials/DefaultLightFunctionMaterial.uasset" 551
"../../../Engine/Content/EngineMaterials/DefaultLightFunctionMaterial.uexp" 552
"../../../Engine/Content/EngineMaterials/DefaultPostProcessMaterial.uasset" 553
"../../../Engine/Content/EngineMaterials/DefaultPostProcessMaterial.uexp" 554
"../../../Engine/Content/EngineFonts/RobotoDistanceField.uasset" 555
"../../../Engine/Content/EngineFonts/RobotoDistanceField.uexp" 556
"../../../Engine/Content/EngineMaterials/DefaultTextMaterialOpaque.uasset" 557
"../../../Engine/Content/EngineMaterials/DefaultTextMaterialOpaque.uexp" 558
"../../../Engine/Content/EngineMaterials/DefaultWhiteGrid_Low.uasset" 559
"../../../Engine/Content/EngineMaterials/DefaultWhiteGrid_Low.uexp" 560
"../../../Engine/Content/EngineMaterials/EmissiveMeshMaterial.uasset" 561
"../../../Engine/Content/EngineMaterials/EmissiveMeshMaterial.uexp" 562
"../../../Engine/Content/EngineMaterials/BaseFlattenNormalMap.uasset" 563
"../../../Engine/Content/EngineMaterials/BaseFlattenNormalMap.uexp" 564
"../../../Engine/Content/EngineMaterials/BaseFlattenGrayscaleMap.uasset" 565
"../../../Engine/Content/EngineMaterials/BaseFlattenGrayscaleMap.uexp" 566
"../../../Engine/Content/EngineMaterials/BaseFlattenDiffuseMap.uasset" 567
"../../../Engine/Content/EngineMaterials/BaseFlattenDiffuseMap.uexp" 568
"../../../Engine/Content/Functions/Engine_MaterialFunctions02/PivotPainter2/Black_1x1_EXR_Texture.uasset" 569
"../../../Engine/Content/Functions/Engine_MaterialFunctions02/PivotPainter2/Black_1x1_EXR_Texture.uexp" 570
"../../../Engine/Content/EngineMaterials/BaseFlattenEmissiveMap.uasset" 571
"../../../Engine/Content/EngineMaterials/BaseFlattenEmissiveMap.uexp" 572
"../../../Engine/Content/EngineMaterials/BaseFlattenLinearColor.uasset" 573
"../../../Engine/Content/EngineMaterials/BaseFlattenLinearColor.uexp" 574
"../../../Engine/Content/EngineMaterials/FlattenMaterial.uasset" 575
"../../../Engine/Content/EngineMaterials/FlattenMaterial.uexp" 576
"../../../Engine/Content/EngineMaterials/BaseFlattenEmissiveMap_VT.uasset" 577
"../../../Engine/Content/EngineMaterials/BaseFlattenEmissiveMap_VT.uexp" 578
"../../../Engine/Content/EngineMaterials/BaseFlattenGrayscaleMap_VT.uasset" 579
"../../../Engine/Content/EngineMaterials/BaseFlattenGrayscaleMap_VT.uexp" 580
"../../../Engine/Content/EngineMaterials/BaseFlattenLinearColor_VT.uasset" 581
"../../../Engine/Content/EngineMaterials/BaseFlattenLinearColor_VT.uexp" 582
"../../../Engine/Content/EngineMaterials/Black_1x1_EXR_Texture_VT.uasset" 583
"../../../Engine/Content/EngineMaterials/Black_1x1_EXR_Texture_VT.uexp" 584
"../../../Engine/Content/EngineMaterials/BaseFlattenDiffuseMap_VT.uasset" 585
"../../../Engine/Content/EngineMaterials/BaseFlattenDiffuseMap_VT.uexp" 586
"../../../Engine/Content/EngineMaterials/BaseFlattenNormalMap_VT.uasset" 587
"../../../Engine/Content/EngineMaterials/BaseFlattenNormalMap_VT.uexp" 588
"../../../Engine/Content/EngineMaterials/FlattenMaterial_VT.uasset" 589
"../../../Engine/Content/EngineMaterials/FlattenMaterial_VT.uexp" 590
"../../../Engine/Content/EngineMaterials/FlattenMaterial_WS_Normal_VT.uasset" 591
"../../../Engine/Content/EngineMaterials/FlattenMaterial_WS_Normal_VT.uexp" 592
"../../../Engine/Content/EngineMaterials/GizmoMaterial.uasset" 593
"../../../Engine/Content/EngineMaterials/GizmoMaterial.uexp" 594
"../../../Engine/Content/EngineMaterials/InvalidLightmapSettings.ubulk" 595
"../../../Engine/Content/EngineMaterials/InvalidLightmapSettings.uasset" 596
"../../../Engine/Content/EngineMaterials/InvalidLightmapSettings.uexp" 597
"../../../Engine/Content/EngineMaterials/M_InvalidLightmapSettings.uasset" 598
"../../../Engine/Content/EngineMaterials/M_InvalidLightmapSettings.uexp" 599
"../../../Engine/Content/EngineMaterials/NaniteHiddenSectionMaterial.uasset" 600
"../../../Engine/Content/EngineMaterials/NaniteHiddenSectionMaterial.uexp" 601
"../../../Engine/Content/Functions/Engine_MaterialFunctions02/WorldPositionOffset/CameraOffset.uasset" 602
"../../../Engine/Content/Functions/Engine_MaterialFunctions02/WorldPositionOffset/CameraOffset.uexp" 603
"../../../Engine/Content/EngineMaterials/PhAT_JointLimitMaterial.uasset" 604
"../../../Engine/Content/EngineMaterials/PhAT_JointLimitMaterial.uexp" 605
"../../../Engine/Content/EngineMaterials/DefaultCalibrationColor.uasset" 606
"../../../Engine/Content/EngineMaterials/DefaultCalibrationColor.uexp" 607
"../../../Engine/Content/EngineMaterials/PPM_DefaultCalibrationColor.uasset" 608
"../../../Engine/Content/EngineMaterials/PPM_DefaultCalibrationColor.uexp" 609
"../../../Engine/Content/EngineMaterials/DefaultCalibrationGrayscale.uasset" 610
"../../../Engine/Content/EngineMaterials/DefaultCalibrationGrayscale.uexp" 611
"../../../Engine/Content/EngineMaterials/PPM_DefaultCalibrationGrayscale.uasset" 612
"../../../Engine/Content/EngineMaterials/PPM_DefaultCalibrationGrayscale.uexp" 613
"../../../Engine/Content/EngineMaterials/RemoveSurfaceMaterial.uasset" 614
"../../../Engine/Content/EngineMaterials/RemoveSurfaceMaterial.uexp" 615
"../../../Engine/Plugins/Animation/ControlRig/Content/Controls/ControlRigGizmoMaterial.uasset" 616
"../../../Engine/Plugins/Animation/ControlRig/Content/Controls/ControlRigGizmoMaterial.uexp" 617
"../../../Engine/Plugins/Animation/ControlRig/Content/Controls/ControlRigXRayMaterial.uasset" 618
"../../../Engine/Plugins/Animation/ControlRig/Content/Controls/ControlRigXRayMaterial.uexp" 619
"../../../Engine/Plugins/Editor/SpeedTreeImporter/Content/SpeedTree9/game_wind_noise.ubulk" 620
"../../../Engine/Plugins/Editor/SpeedTreeImporter/Content/SpeedTree9/game_wind_noise.uasset" 621
"../../../Engine/Plugins/Editor/SpeedTreeImporter/Content/SpeedTree9/game_wind_noise.uexp" 622
"../../../Engine/Plugins/Editor/SpeedTreeImporter/Content/SpeedTree9/UnpackDirection.uasset" 623
"../../../Engine/Plugins/Editor/SpeedTreeImporter/Content/SpeedTree9/UnpackDirection.uexp" 624
"../../../Engine/Content/Functions/Engine_MaterialFunctions02/ObjectLocalBounds.uasset" 625
"../../../Engine/Content/Functions/Engine_MaterialFunctions02/ObjectLocalBounds.uexp" 626
"../../../Engine/Content/Functions/Engine_MaterialFunctions02/UVs/BoundingBoxBased_0-1_UVW.uasset" 627
"../../../Engine/Content/Functions/Engine_MaterialFunctions02/UVs/BoundingBoxBased_0-1_UVW.uexp" 628
"../../../Engine/Plugins/Editor/SpeedTreeImporter/Content/SpeedTree9/SpeedTreeBillboard.uasset" 629
"../../../Engine/Plugins/Editor/SpeedTreeImporter/Content/SpeedTree9/SpeedTreeBillboard.uexp" 630
"../../../Engine/Plugins/Editor/SpeedTreeImporter/Content/SpeedTree9/UnpackInteger3.uasset" 631
"../../../Engine/Plugins/Editor/SpeedTreeImporter/Content/SpeedTree9/UnpackInteger3.uexp" 632
"../../../Engine/Content/Functions/Engine_MaterialFunctions02/WorldPositionOffset/ObjectScale.uasset" 633
"../../../Engine/Content/Functions/Engine_MaterialFunctions02/WorldPositionOffset/ObjectScale.uexp" 634
"../../../Engine/Plugins/Editor/SpeedTreeImporter/Content/SpeedTree9/SpeedTreeWindMotion.uasset" 635
"../../../Engine/Plugins/Editor/SpeedTreeImporter/Content/SpeedTree9/SpeedTreeWindMotion.uexp" 636
"../../../Engine/Plugins/Editor/SpeedTreeImporter/Content/SpeedTree9/SpeedTreeBranchMotion.uasset" 637
"../../../Engine/Plugins/Editor/SpeedTreeImporter/Content/SpeedTree9/SpeedTreeBranchMotion.uexp" 638
"../../../Engine/Plugins/Editor/SpeedTreeImporter/Content/SpeedTree9/SpeedTreeWind.uasset" 639
"../../../Engine/Plugins/Editor/SpeedTreeImporter/Content/SpeedTree9/SpeedTreeWind.uexp" 640
"../../../Engine/Plugins/Editor/SpeedTreeImporter/Content/SpeedTree9/EmptyNormal.uasset" 641
"../../../Engine/Plugins/Editor/SpeedTreeImporter/Content/SpeedTree9/EmptyNormal.uexp" 642
"../../../Engine/Plugins/Editor/SpeedTreeImporter/Content/SpeedTree9/Empty.uasset" 643
"../../../Engine/Plugins/Editor/SpeedTreeImporter/Content/SpeedTree9/Empty.uexp" 644
"../../../Engine/Plugins/Editor/SpeedTreeImporter/Content/SpeedTree9/SpeedTreeBillboardMaster.uasset" 645
"../../../Engine/Plugins/Editor/SpeedTreeImporter/Content/SpeedTree9/SpeedTreeBillboardMaster.uexp" 646
"../../../Engine/Plugins/Editor/SpeedTreeImporter/Content/SpeedTree9/SpeedTreeCameraFacing.uasset" 647
"../../../Engine/Plugins/Editor/SpeedTreeImporter/Content/SpeedTree9/SpeedTreeCameraFacing.uexp" 648
"../../../Engine/Plugins/Editor/SpeedTreeImporter/Content/SpeedTree9/SpeedTreeMaster.uasset" 649
"../../../Engine/Plugins/Editor/SpeedTreeImporter/Content/SpeedTree9/SpeedTreeMaster.uexp" 650
"../../../Engine/Plugins/Runtime/HairStrands/Content/Materials/HairCardsDefaultMaterial.uasset" 651
"../../../Engine/Plugins/Runtime/HairStrands/Content/Materials/HairCardsDefaultMaterial.uexp" 652
"../../../Engine/Plugins/Runtime/HairStrands/Content/Materials/HairGroupColors.uasset" 653
"../../../Engine/Plugins/Runtime/HairStrands/Content/Materials/HairGroupColors.uexp" 654
"../../../Engine/Content/Functions/Engine_MaterialFunctions02/Utility/MakeFloat2.uasset" 655
"../../../Engine/Content/Functions/Engine_MaterialFunctions02/Utility/MakeFloat2.uexp" 656
"../../../Engine/Content/Functions/Engine_MaterialFunctions02/Utility/MakeFloat3.uasset" 657
"../../../Engine/Content/Functions/Engine_MaterialFunctions02/Utility/MakeFloat3.uexp" 658
"../../../Engine/Content/EngineMaterials/HairColorMap.uasset" 659
"../../../Engine/Content/EngineMaterials/HairColorMap.uexp" 660
"../../../Engine/Content/EngineMaterials/HairDebugColor.uasset" 661
"../../../Engine/Content/EngineMaterials/HairDebugColor.uexp" 662
"../../../Engine/Plugins/Runtime/HairStrands/Content/Materials/HairDebugMaterial.uasset" 663
"../../../Engine/Plugins/Runtime/HairStrands/Content/Materials/HairDebugMaterial.uexp" 664
"../../../Engine/Plugins/Runtime/HairStrands/Content/Materials/HairDefaultMaterial.uasset" 665
"../../../Engine/Plugins/Runtime/HairStrands/Content/Materials/HairDefaultMaterial.uexp" 666
"../../../Engine/Plugins/Runtime/HairStrands/Content/Materials/HairMeshesDefaultMaterial.uasset" 667
"../../../Engine/Plugins/Runtime/HairStrands/Content/Materials/HairMeshesDefaultMaterial.uexp" 668
"../../../Engine/Plugins/Runtime/MeshModelingToolset/Content/Materials/M_DynamicMeshComponentVtxColor.uasset" 669
"../../../Engine/Plugins/Runtime/MeshModelingToolset/Content/Materials/M_DynamicMeshComponentVtxColor.uexp" 670
"../../../Engine/Plugins/Animation/ControlRig/Content/M_Manip.uasset" 671
"../../../Engine/Plugins/Animation/ControlRig/Content/M_Manip.uexp" 672
"../../../Engine/Content/EngineMeshes/Sphere.ubulk" 673
"../../../Engine/Content/EngineMeshes/Sphere.uasset" 674
"../../../Engine/Content/EngineMeshes/Sphere.uexp" 675
"../../../Engine/Plugins/NNE/NNEDenoiser/Content/NNEDTOM_Output_Default.uasset" 676
"../../../Engine/Plugins/NNE/NNEDenoiser/Content/NNEDTOM_Output_Default.uexp" 677
"../../../Engine/Plugins/NNE/NNEDenoiser/Content/NNEDTOM_Output_Alpha.uasset" 678
"../../../Engine/Plugins/NNE/NNEDenoiser/Content/NNEDTOM_Output_Alpha.uexp" 679
"../../../Engine/Plugins/NNE/NNEDenoiser/Content/NNEDTIM_ColorAlbedoNormal_Default.uasset" 680
"../../../Engine/Plugins/NNE/NNEDenoiser/Content/NNEDTIM_ColorAlbedoNormal_Default.uexp" 681
"../../../Engine/Plugins/NNE/NNEDenoiser/Content/NNEDTIM_ColorAlbedoNormal_Alpha.uasset" 682
"../../../Engine/Plugins/NNE/NNEDenoiser/Content/NNEDTIM_ColorAlbedoNormal_Alpha.uexp" 683
"../../../Engine/Plugins/NNE/NNEDenoiser/Content/NNEDOM_Output_Default.uasset" 684
"../../../Engine/Plugins/NNE/NNEDenoiser/Content/NNEDOM_Output_Default.uexp" 685
"../../../Engine/Plugins/NNE/NNEDenoiser/Content/NNEDOM_Output_Alpha.uasset" 686
"../../../Engine/Plugins/NNE/NNEDenoiser/Content/NNEDOM_Output_Alpha.uexp" 687
"../../../Engine/Plugins/NNE/NNEDenoiser/Content/NNEDIM_HighQuality_Default.uasset" 688
"../../../Engine/Plugins/NNE/NNEDenoiser/Content/NNEDIM_HighQuality_Default.uexp" 689
"../../../Engine/Plugins/NNE/NNEDenoiser/Content/NNEDIM_HighQuality_Alpha.uasset" 690
"../../../Engine/Plugins/NNE/NNEDenoiser/Content/NNEDIM_HighQuality_Alpha.uexp" 691
"../../../Engine/Plugins/NNE/NNEDenoiser/Content/NNEDIM_ColorAlbedoNormal_Default.uasset" 692
"../../../Engine/Plugins/NNE/NNEDenoiser/Content/NNEDIM_ColorAlbedoNormal_Default.uexp" 693
"../../../Engine/Plugins/NNE/NNEDenoiser/Content/NNEDIM_ColorAlbedoNormal_Alpha.uasset" 694
"../../../Engine/Plugins/NNE/NNEDenoiser/Content/NNEDIM_ColorAlbedoNormal_Alpha.uexp" 695
"../../../Engine/Plugins/Media/MediaPlate/Content/SM_MediaPlateScreen.ubulk" 696
"../../../Engine/Plugins/Media/MediaPlate/Content/SM_MediaPlateScreen.uasset" 697
"../../../Engine/Plugins/Media/MediaPlate/Content/SM_MediaPlateScreen.uexp" 698
"../../../Engine/Plugins/2D/Paper2D/Content/DefaultSpriteMaterial.uasset" 699
"../../../Engine/Plugins/2D/Paper2D/Content/DefaultSpriteMaterial.uexp" 700
"../../../Engine/Plugins/2D/Paper2D/Content/OpaqueUnlitSpriteMaterial.uasset" 701
"../../../Engine/Plugins/2D/Paper2D/Content/OpaqueUnlitSpriteMaterial.uexp" 702
"../../../Engine/Plugins/2D/Paper2D/Content/MaskedUnlitSpriteMaterial.uasset" 703
"../../../Engine/Plugins/2D/Paper2D/Content/MaskedUnlitSpriteMaterial.uexp" 704
"../../../Engine/Content/Functions/Engine_MaterialFunctions02/Texturing/CustomRotator.uasset" 705
"../../../Engine/Content/Functions/Engine_MaterialFunctions02/Texturing/CustomRotator.uexp" 706
"../../../Engine/Plugins/Runtime/AudioWidgets/Content/AudioMaterialSlate/Functions/MF_SingleLine_Smooth.uasset" 707
"../../../Engine/Plugins/Runtime/AudioWidgets/Content/AudioMaterialSlate/Functions/MF_SingleLine_Smooth.uexp" 708
"../../../Engine/Plugins/Runtime/AudioWidgets/Content/AudioMaterialSlate/Functions/MF_AngleGradient.uasset" 709
"../../../Engine/Plugins/Runtime/AudioWidgets/Content/AudioMaterialSlate/Functions/MF_AngleGradient.uexp" 710
"../../../Engine/Plugins/Runtime/AudioWidgets/Content/AudioMaterialSlate/Functions/MF_SingleLine.uasset" 711
"../../../Engine/Plugins/Runtime/AudioWidgets/Content/AudioMaterialSlate/Functions/MF_SingleLine.uexp" 712
"../../../Engine/Content/Functions/Engine_MaterialFunctions01/Gradient/SphereGradient-2D.uasset" 713
"../../../Engine/Content/Functions/Engine_MaterialFunctions01/Gradient/SphereGradient-2D.uexp" 714
"../../../Engine/Plugins/Runtime/AudioWidgets/Content/AudioMaterialSlate/M_AudioMaterialToggleButton.uasset" 715
"../../../Engine/Plugins/Runtime/AudioWidgets/Content/AudioMaterialSlate/M_AudioMaterialToggleButton.uexp" 716
"../../../Engine/Plugins/Runtime/AudioWidgets/Content/AudioMaterialSlate/MI_AudioMaterialToggleButton.uasset" 717
"../../../Engine/Plugins/Runtime/AudioWidgets/Content/AudioMaterialSlate/MI_AudioMaterialToggleButton.uexp" 718
"../../../Engine/Content/Functions/Engine_MaterialFunctions01/Gradient/GeneratedRoundRect.uasset" 719
"../../../Engine/Content/Functions/Engine_MaterialFunctions01/Gradient/GeneratedRoundRect.uexp" 720
"../../../Engine/Plugins/Runtime/AudioWidgets/Content/AudioMaterialSlate/M_AudioMaterialRoundedSlider.uasset" 721
"../../../Engine/Plugins/Runtime/AudioWidgets/Content/AudioMaterialSlate/M_AudioMaterialRoundedSlider.uexp" 722
"../../../Engine/Plugins/Runtime/AudioWidgets/Content/AudioMaterialSlate/MI_AudioMaterialRoundedSlider.uasset" 723
"../../../Engine/Plugins/Runtime/AudioWidgets/Content/AudioMaterialSlate/MI_AudioMaterialRoundedSlider.uexp" 724
"../../../Engine/Plugins/Runtime/AudioWidgets/Content/AudioMaterialSlate/Functions/MF_Lines.uasset" 725
"../../../Engine/Plugins/Runtime/AudioWidgets/Content/AudioMaterialSlate/Functions/MF_Lines.uexp" 726
"../../../Engine/Content/Functions/Engine_MaterialFunctions02/Lerp_3Color.uasset" 727
"../../../Engine/Content/Functions/Engine_MaterialFunctions02/Lerp_3Color.uexp" 728
"../../../Engine/Plugins/Runtime/AudioWidgets/Content/AudioMaterialSlate/M_AudioMaterialMeter.uasset" 729
"../../../Engine/Plugins/Runtime/AudioWidgets/Content/AudioMaterialSlate/M_AudioMaterialMeter.uexp" 730
"../../../Engine/Plugins/Runtime/AudioWidgets/Content/AudioMaterialSlate/MI_AudioMaterialMeter.uasset" 731
"../../../Engine/Plugins/Runtime/AudioWidgets/Content/AudioMaterialSlate/MI_AudioMaterialMeter.uexp" 732
"../../../Engine/Plugins/Runtime/AudioWidgets/Content/AudioMaterialSlate/M_AudioMaterialKnob.uasset" 733
"../../../Engine/Plugins/Runtime/AudioWidgets/Content/AudioMaterialSlate/M_AudioMaterialKnob.uexp" 734
"../../../Engine/Plugins/Runtime/AudioWidgets/Content/AudioMaterialSlate/MI_AudioMaterialKnob.uasset" 735
"../../../Engine/Plugins/Runtime/AudioWidgets/Content/AudioMaterialSlate/MI_AudioMaterialKnob.uexp" 736
"../../../Engine/Plugins/Runtime/AudioWidgets/Content/AudioMaterialSlate/Functions/MF_DotOutlined.uasset" 737
"../../../Engine/Plugins/Runtime/AudioWidgets/Content/AudioMaterialSlate/Functions/MF_DotOutlined.uexp" 738
"../../../Engine/Plugins/Runtime/AudioWidgets/Content/AudioMaterialSlate/M_AudioMaterialEnvelope_ADSR.uasset" 739
"../../../Engine/Plugins/Runtime/AudioWidgets/Content/AudioMaterialSlate/M_AudioMaterialEnvelope_ADSR.uexp" 740
"../../../Engine/Plugins/Runtime/AudioWidgets/Content/AudioMaterialSlate/MI_AudioMaterialEnvelope_ADSR.uasset" 741
"../../../Engine/Plugins/Runtime/AudioWidgets/Content/AudioMaterialSlate/MI_AudioMaterialEnvelope_ADSR.uexp" 742
"../../../Engine/Plugins/Animation/ControlRig/Content/Controls/ControlRig_Wedge_solid.ubulk" 743
"../../../Engine/Plugins/Animation/ControlRig/Content/Controls/ControlRig_Wedge_solid.uasset" 744
"../../../Engine/Plugins/Animation/ControlRig/Content/Controls/ControlRig_Wedge_solid.uexp" 745
"../../../Engine/Plugins/Animation/ControlRig/Content/Controls/ControlRig_Wedge_3mm.ubulk" 746
"../../../Engine/Plugins/Animation/ControlRig/Content/Controls/ControlRig_Wedge_3mm.uasset" 747
"../../../Engine/Plugins/Animation/ControlRig/Content/Controls/ControlRig_Wedge_3mm.uexp" 748
"../../../Engine/Plugins/Animation/ControlRig/Content/Controls/ControlRig_Wedge_1mm.ubulk" 749
"../../../Engine/Plugins/Animation/ControlRig/Content/Controls/ControlRig_Wedge_1mm.uasset" 750
"../../../Engine/Plugins/Animation/ControlRig/Content/Controls/ControlRig_Wedge_1mm.uexp" 751
"../../../Engine/Plugins/Animation/ControlRig/Content/Controls/ControlRig_Triangle_solid.ubulk" 752
"../../../Engine/Plugins/Animation/ControlRig/Content/Controls/ControlRig_Triangle_solid.uasset" 753
"../../../Engine/Plugins/Animation/ControlRig/Content/Controls/ControlRig_Triangle_solid.uexp" 754
"../../../Engine/Plugins/Animation/ControlRig/Content/Controls/ControlRig_Triangle_3mm.ubulk" 755
"../../../Engine/Plugins/Animation/ControlRig/Content/Controls/ControlRig_Triangle_3mm.uasset" 756
"../../../Engine/Plugins/Animation/ControlRig/Content/Controls/ControlRig_Triangle_3mm.uexp" 757
"../../../Engine/Plugins/Animation/ControlRig/Content/Controls/ControlRig_Triangle_1mm.ubulk" 758
"../../../Engine/Plugins/Animation/ControlRig/Content/Controls/ControlRig_Triangle_1mm.uasset" 759
"../../../Engine/Plugins/Animation/ControlRig/Content/Controls/ControlRig_Triangle_1mm.uexp" 760
"../../../Engine/Plugins/Animation/ControlRig/Content/Controls/ControlRig_Star4_solid.ubulk" 761
"../../../Engine/Plugins/Animation/ControlRig/Content/Controls/ControlRig_Star4_solid.uasset" 762
"../../../Engine/Plugins/Animation/ControlRig/Content/Controls/ControlRig_Star4_solid.uexp" 763
"../../../Engine/Plugins/Animation/ControlRig/Content/Controls/ControlRig_Star4_3mm.ubulk" 764
"../../../Engine/Plugins/Animation/ControlRig/Content/Controls/ControlRig_Star4_3mm.uasset" 765
"../../../Engine/Plugins/Animation/ControlRig/Content/Controls/ControlRig_Star4_3mm.uexp" 766
"../../../Engine/Plugins/Animation/ControlRig/Content/Controls/ControlRig_Star4_1mm.ubulk" 767
"../../../Engine/Plugins/Animation/ControlRig/Content/Controls/ControlRig_Star4_1mm.uasset" 768
"../../../Engine/Plugins/Animation/ControlRig/Content/Controls/ControlRig_Star4_1mm.uexp" 769
"../../../Engine/Plugins/Animation/ControlRig/Content/Controls/ControlRig_Square_solid.ubulk" 770
"../../../Engine/Plugins/Animation/ControlRig/Content/Controls/ControlRig_Square_solid.uasset" 771
"../../../Engine/Plugins/Animation/ControlRig/Content/Controls/ControlRig_Square_solid.uexp" 772
"../../../Engine/Plugins/Animation/ControlRig/Content/Controls/ControlRig_Square_3mm.ubulk" 773
"../../../Engine/Plugins/Animation/ControlRig/Content/Controls/ControlRig_Square_3mm.uasset" 774
"../../../Engine/Plugins/Animation/ControlRig/Content/Controls/ControlRig_Square_3mm.uexp" 775
"../../../Engine/Plugins/Animation/ControlRig/Content/Controls/ControlRig_Square_1mm.ubulk" 776
"../../../Engine/Plugins/Animation/ControlRig/Content/Controls/ControlRig_Square_1mm.uasset" 777
"../../../Engine/Plugins/Animation/ControlRig/Content/Controls/ControlRig_Square_1mm.uexp" 778
"../../../Engine/Plugins/Animation/ControlRig/Content/Controls/ControlRig_Sphere_solid.ubulk" 779
"../../../Engine/Plugins/Animation/ControlRig/Content/Controls/ControlRig_Sphere_solid.uasset" 780
"../../../Engine/Plugins/Animation/ControlRig/Content/Controls/ControlRig_Sphere_solid.uexp" 781
"../../../Engine/Plugins/Animation/ControlRig/Content/Controls/ControlRig_Sphere_3mm.ubulk" 782
"../../../Engine/Plugins/Animation/ControlRig/Content/Controls/ControlRig_Sphere_3mm.uasset" 783
"../../../Engine/Plugins/Animation/ControlRig/Content/Controls/ControlRig_Sphere_3mm.uexp" 784
"../../../Engine/Plugins/Animation/ControlRig/Content/Controls/ControlRig_Sphere_1mm.ubulk" 785
"../../../Engine/Plugins/Animation/ControlRig/Content/Controls/ControlRig_Sphere_1mm.uasset" 786
"../../../Engine/Plugins/Animation/ControlRig/Content/Controls/ControlRig_Sphere_1mm.uexp" 787
"../../../Engine/Plugins/Animation/ControlRig/Content/Controls/ControlRig_RoundedTriangle_solid.ubulk" 788
"../../../Engine/Plugins/Animation/ControlRig/Content/Controls/ControlRig_RoundedTriangle_solid.uasset" 789
"../../../Engine/Plugins/Animation/ControlRig/Content/Controls/ControlRig_RoundedTriangle_solid.uexp" 790
"../../../Engine/Plugins/Animation/ControlRig/Content/Controls/ControlRig_RoundedTriangle_3mm.ubulk" 791
"../../../Engine/Plugins/Animation/ControlRig/Content/Controls/ControlRig_RoundedTriangle_3mm.uasset" 792
"../../../Engine/Plugins/Animation/ControlRig/Content/Controls/ControlRig_RoundedTriangle_3mm.uexp" 793
"../../../Engine/Plugins/Animation/ControlRig/Content/Controls/ControlRig_RoundedTriangle_1mm.ubulk" 794
"../../../Engine/Plugins/Animation/ControlRig/Content/Controls/ControlRig_RoundedTriangle_1mm.uasset" 795
"../../../Engine/Plugins/Animation/ControlRig/Content/Controls/ControlRig_RoundedTriangle_1mm.uexp" 796
"../../../Engine/Plugins/Animation/ControlRig/Content/Controls/ControlRig_RoundedSquare_solid.ubulk" 797
"../../../Engine/Plugins/Animation/ControlRig/Content/Controls/ControlRig_RoundedSquare_solid.uasset" 798
"../../../Engine/Plugins/Animation/ControlRig/Content/Controls/ControlRig_RoundedSquare_solid.uexp" 799
"../../../Engine/Plugins/Animation/ControlRig/Content/Controls/ControlRig_RoundedSquare_3mm.ubulk" 800
"../../../Engine/Plugins/Animation/ControlRig/Content/Controls/ControlRig_RoundedSquare_3mm.uasset" 801
"../../../Engine/Plugins/Animation/ControlRig/Content/Controls/ControlRig_RoundedSquare_3mm.uexp" 802
"../../../Engine/Plugins/Animation/ControlRig/Content/Controls/ControlRig_RoundedSquare_1mm.ubulk" 803
"../../../Engine/Plugins/Animation/ControlRig/Content/Controls/ControlRig_RoundedSquare_1mm.uasset" 804
"../../../Engine/Plugins/Animation/ControlRig/Content/Controls/ControlRig_RoundedSquare_1mm.uexp" 805
"../../../Engine/Plugins/Animation/ControlRig/Content/Controls/ControlRig_QuarterCircle_solid.ubulk" 806
"../../../Engine/Plugins/Animation/ControlRig/Content/Controls/ControlRig_QuarterCircle_solid.uasset" 807
"../../../Engine/Plugins/Animation/ControlRig/Content/Controls/ControlRig_QuarterCircle_solid.uexp" 808
"../../../Engine/Plugins/Animation/ControlRig/Content/Controls/ControlRig_QuarterCircle_3mm.ubulk" 809
"../../../Engine/Plugins/Animation/ControlRig/Content/Controls/ControlRig_QuarterCircle_3mm.uasset" 810
"../../../Engine/Plugins/Animation/ControlRig/Content/Controls/ControlRig_QuarterCircle_3mm.uexp" 811
"../../../Engine/Plugins/Animation/ControlRig/Content/Controls/ControlRig_QuarterCircle_1mm.ubulk" 812
"../../../Engine/Plugins/Animation/ControlRig/Content/Controls/ControlRig_QuarterCircle_1mm.uasset" 813
"../../../Engine/Plugins/Animation/ControlRig/Content/Controls/ControlRig_QuarterCircle_1mm.uexp" 814
"../../../Engine/Plugins/Animation/ControlRig/Content/Controls/ControlRig_Pyramid_solid.ubulk" 815
"../../../Engine/Plugins/Animation/ControlRig/Content/Controls/ControlRig_Pyramid_solid.uasset" 816
"../../../Engine/Plugins/Animation/ControlRig/Content/Controls/ControlRig_Pyramid_solid.uexp" 817
"../../../Engine/Plugins/Animation/ControlRig/Content/Controls/ControlRig_Pyramid_3mm.ubulk" 818
"../../../Engine/Plugins/Animation/ControlRig/Content/Controls/ControlRig_Pyramid_3mm.uasset" 819
"../../../Engine/Plugins/Animation/ControlRig/Content/Controls/ControlRig_Pyramid_3mm.uexp" 820
"../../../Engine/Plugins/Animation/ControlRig/Content/Controls/ControlRig_Pyramid_1mm.ubulk" 821
"../../../Engine/Plugins/Animation/ControlRig/Content/Controls/ControlRig_Pyramid_1mm.uasset" 822
"../../../Engine/Plugins/Animation/ControlRig/Content/Controls/ControlRig_Pyramid_1mm.uexp" 823
"../../../Engine/Plugins/Animation/ControlRig/Content/Controls/ControlRig_Octagon_solid.ubulk" 824
"../../../Engine/Plugins/Animation/ControlRig/Content/Controls/ControlRig_Octagon_solid.uasset" 825
"../../../Engine/Plugins/Animation/ControlRig/Content/Controls/ControlRig_Octagon_solid.uexp" 826
"../../../Engine/Plugins/Animation/ControlRig/Content/Controls/ControlRig_Octagon_3mm.ubulk" 827
"../../../Engine/Plugins/Animation/ControlRig/Content/Controls/ControlRig_Octagon_3mm.uasset" 828
"../../../Engine/Plugins/Animation/ControlRig/Content/Controls/ControlRig_Octagon_3mm.uexp" 829
"../../../Engine/Plugins/Animation/ControlRig/Content/Controls/ControlRig_Octagon_1mm.ubulk" 830
"../../../Engine/Plugins/Animation/ControlRig/Content/Controls/ControlRig_Octagon_1mm.uasset" 831
"../../../Engine/Plugins/Animation/ControlRig/Content/Controls/ControlRig_Octagon_1mm.uexp" 832
"../../../Engine/Plugins/Animation/ControlRig/Content/Controls/ControlRig_Hexagon_solid.ubulk" 833
"../../../Engine/Plugins/Animation/ControlRig/Content/Controls/ControlRig_Hexagon_solid.uasset" 834
"../../../Engine/Plugins/Animation/ControlRig/Content/Controls/ControlRig_Hexagon_solid.uexp" 835
"../../../Engine/Plugins/Animation/ControlRig/Content/Controls/ControlRig_Hexagon_3mm.ubulk" 836
"../../../Engine/Plugins/Animation/ControlRig/Content/Controls/ControlRig_Hexagon_3mm.uasset" 837
"../../../Engine/Plugins/Animation/ControlRig/Content/Controls/ControlRig_Hexagon_3mm.uexp" 838
"../../../Engine/Plugins/Animation/ControlRig/Content/Controls/ControlRig_Hexagon_1mm.ubulk" 839
"../../../Engine/Plugins/Animation/ControlRig/Content/Controls/ControlRig_Hexagon_1mm.uasset" 840
"../../../Engine/Plugins/Animation/ControlRig/Content/Controls/ControlRig_Hexagon_1mm.uexp" 841
"../../../Engine/Plugins/Animation/ControlRig/Content/Controls/ControlRig_HalfCircle_solid.ubulk" 842
"../../../Engine/Plugins/Animation/ControlRig/Content/Controls/ControlRig_HalfCircle_solid.uasset" 843
"../../../Engine/Plugins/Animation/ControlRig/Content/Controls/ControlRig_HalfCircle_solid.uexp" 844
"../../../Engine/Plugins/Animation/ControlRig/Content/Controls/ControlRig_HalfCircle_3mm.ubulk" 845
"../../../Engine/Plugins/Animation/ControlRig/Content/Controls/ControlRig_HalfCircle_3mm.uasset" 846
"../../../Engine/Plugins/Animation/ControlRig/Content/Controls/ControlRig_HalfCircle_3mm.uexp" 847
"../../../Engine/Plugins/Animation/ControlRig/Content/Controls/ControlRig_HalfCircle_1mm.ubulk" 848
"../../../Engine/Plugins/Animation/ControlRig/Content/Controls/ControlRig_HalfCircle_1mm.uasset" 849
"../../../Engine/Plugins/Animation/ControlRig/Content/Controls/ControlRig_HalfCircle_1mm.uexp" 850
"../../../Engine/Plugins/Animation/ControlRig/Content/Controls/ControlRig_Diamond_solid.ubulk" 851
"../../../Engine/Plugins/Animation/ControlRig/Content/Controls/ControlRig_Diamond_solid.uasset" 852
"../../../Engine/Plugins/Animation/ControlRig/Content/Controls/ControlRig_Diamond_solid.uexp" 853
"../../../Engine/Plugins/Animation/ControlRig/Content/Controls/ControlRig_Diamond_3mm.ubulk" 854
"../../../Engine/Plugins/Animation/ControlRig/Content/Controls/ControlRig_Diamond_3mm.uasset" 855
"../../../Engine/Plugins/Animation/ControlRig/Content/Controls/ControlRig_Diamond_3mm.uexp" 856
"../../../Engine/Plugins/Animation/ControlRig/Content/Controls/ControlRig_Diamond_1mm.ubulk" 857
"../../../Engine/Plugins/Animation/ControlRig/Content/Controls/ControlRig_Diamond_1mm.uasset" 858
"../../../Engine/Plugins/Animation/ControlRig/Content/Controls/ControlRig_Diamond_1mm.uexp" 859
"../../../Engine/Plugins/Animation/ControlRig/Content/Controls/ControlRig_Circle_solid.ubulk" 860
"../../../Engine/Plugins/Animation/ControlRig/Content/Controls/ControlRig_Circle_solid.uasset" 861
"../../../Engine/Plugins/Animation/ControlRig/Content/Controls/ControlRig_Circle_solid.uexp" 862
"../../../Engine/Plugins/Animation/ControlRig/Content/Controls/ControlRig_Circle_3mm.ubulk" 863
"../../../Engine/Plugins/Animation/ControlRig/Content/Controls/ControlRig_Circle_3mm.uasset" 864
"../../../Engine/Plugins/Animation/ControlRig/Content/Controls/ControlRig_Circle_3mm.uexp" 865
"../../../Engine/Plugins/Animation/ControlRig/Content/Controls/ControlRig_Circle_1mm.ubulk" 866
"../../../Engine/Plugins/Animation/ControlRig/Content/Controls/ControlRig_Circle_1mm.uasset" 867
"../../../Engine/Plugins/Animation/ControlRig/Content/Controls/ControlRig_Circle_1mm.uexp" 868
"../../../Engine/Plugins/Animation/ControlRig/Content/Controls/ControlRig_Box_solid.ubulk" 869
"../../../Engine/Plugins/Animation/ControlRig/Content/Controls/ControlRig_Box_solid.uasset" 870
"../../../Engine/Plugins/Animation/ControlRig/Content/Controls/ControlRig_Box_solid.uexp" 871
"../../../Engine/Plugins/Animation/ControlRig/Content/Controls/ControlRig_Box_3mm.ubulk" 872
"../../../Engine/Plugins/Animation/ControlRig/Content/Controls/ControlRig_Box_3mm.uasset" 873
"../../../Engine/Plugins/Animation/ControlRig/Content/Controls/ControlRig_Box_3mm.uexp" 874
"../../../Engine/Plugins/Animation/ControlRig/Content/Controls/ControlRig_Box_1mm.ubulk" 875
"../../../Engine/Plugins/Animation/ControlRig/Content/Controls/ControlRig_Box_1mm.uasset" 876
"../../../Engine/Plugins/Animation/ControlRig/Content/Controls/ControlRig_Box_1mm.uexp" 877
"../../../Engine/Plugins/Animation/ControlRig/Content/Controls/ControlRig_Arrow_solid.ubulk" 878
"../../../Engine/Plugins/Animation/ControlRig/Content/Controls/ControlRig_Arrow_solid.uasset" 879
"../../../Engine/Plugins/Animation/ControlRig/Content/Controls/ControlRig_Arrow_solid.uexp" 880
"../../../Engine/Plugins/Animation/ControlRig/Content/Controls/ControlRig_Arrow_3mm.ubulk" 881
"../../../Engine/Plugins/Animation/ControlRig/Content/Controls/ControlRig_Arrow_3mm.uasset" 882
"../../../Engine/Plugins/Animation/ControlRig/Content/Controls/ControlRig_Arrow_3mm.uexp" 883
"../../../Engine/Plugins/Animation/ControlRig/Content/Controls/ControlRig_Arrow_1mm.ubulk" 884
"../../../Engine/Plugins/Animation/ControlRig/Content/Controls/ControlRig_Arrow_1mm.uasset" 885
"../../../Engine/Plugins/Animation/ControlRig/Content/Controls/ControlRig_Arrow_1mm.uexp" 886
"../../../Engine/Plugins/Animation/ControlRig/Content/Controls/ControlRig_Arrow4_solid.ubulk" 887
"../../../Engine/Plugins/Animation/ControlRig/Content/Controls/ControlRig_Arrow4_solid.uasset" 888
"../../../Engine/Plugins/Animation/ControlRig/Content/Controls/ControlRig_Arrow4_solid.uexp" 889
"../../../Engine/Plugins/Animation/ControlRig/Content/Controls/ControlRig_Arrow4_3mm.ubulk" 890
"../../../Engine/Plugins/Animation/ControlRig/Content/Controls/ControlRig_Arrow4_3mm.uasset" 891
"../../../Engine/Plugins/Animation/ControlRig/Content/Controls/ControlRig_Arrow4_3mm.uexp" 892
"../../../Engine/Plugins/Animation/ControlRig/Content/Controls/ControlRig_Arrow4_1mm.ubulk" 893
"../../../Engine/Plugins/Animation/ControlRig/Content/Controls/ControlRig_Arrow4_1mm.uasset" 894
"../../../Engine/Plugins/Animation/ControlRig/Content/Controls/ControlRig_Arrow4_1mm.uexp" 895
"../../../Engine/Plugins/Animation/ControlRig/Content/Controls/ControlRig_Arrow2_solid.ubulk" 896
"../../../Engine/Plugins/Animation/ControlRig/Content/Controls/ControlRig_Arrow2_solid.uasset" 897
"../../../Engine/Plugins/Animation/ControlRig/Content/Controls/ControlRig_Arrow2_solid.uexp" 898
"../../../Engine/Plugins/Animation/ControlRig/Content/Controls/ControlRig_Arrow2_3mm.ubulk" 899
"../../../Engine/Plugins/Animation/ControlRig/Content/Controls/ControlRig_Arrow2_3mm.uasset" 900
"../../../Engine/Plugins/Animation/ControlRig/Content/Controls/ControlRig_Arrow2_3mm.uexp" 901
"../../../Engine/Plugins/Animation/ControlRig/Content/Controls/ControlRig_Arrow2_1mm.ubulk" 902
"../../../Engine/Plugins/Animation/ControlRig/Content/Controls/ControlRig_Arrow2_1mm.uasset" 903
"../../../Engine/Plugins/Animation/ControlRig/Content/Controls/ControlRig_Arrow2_1mm.uexp" 904
"../../../Engine/Content/EngineResources/WhiteSquareTexture.uasset" 905
"../../../Engine/Content/EngineResources/WhiteSquareTexture.uexp" 906
"../../../Engine/Content/EngineMaterials/Widget3DPassThrough.uasset" 907
"../../../Engine/Content/EngineMaterials/Widget3DPassThrough.uexp" 908
"../../../Engine/Content/EngineMaterials/Widget3DPassThrough_Translucent.uasset" 909
"../../../Engine/Content/EngineMaterials/Widget3DPassThrough_Translucent.uexp" 910
"../../../Engine/Content/EngineMaterials/Widget3DPassThrough_Translucent_OneSided.uasset" 911
"../../../Engine/Content/EngineMaterials/Widget3DPassThrough_Translucent_OneSided.uexp" 912
"../../../Engine/Content/EngineMaterials/Widget3DPassThrough_Opaque.uasset" 913
"../../../Engine/Content/EngineMaterials/Widget3DPassThrough_Opaque.uexp" 914
"../../../Engine/Content/EngineMaterials/Widget3DPassThrough_Opaque_OneSided.uasset" 915
"../../../Engine/Content/EngineMaterials/Widget3DPassThrough_Opaque_OneSided.uexp" 916
"../../../Engine/Content/EngineMaterials/Widget3DPassThrough_Masked_OneSided.uasset" 917
"../../../Engine/Content/EngineMaterials/Widget3DPassThrough_Masked_OneSided.uexp" 918
"../../../Engine/Content/EngineMaterials/Widget3DPassThrough_Masked.uasset" 919
"../../../Engine/Content/EngineMaterials/Widget3DPassThrough_Masked.uexp" 920
"../../../Engine/Content/EngineMaterials/WeightMapPlaceholderTexture.uasset" 921
"../../../Engine/Content/EngineMaterials/WeightMapPlaceholderTexture.uexp" 922
"../../../Engine/Content/EngineMaterials/WeightMapArrayPlaceholderTexture.uasset" 923
"../../../Engine/Content/EngineMaterials/WeightMapArrayPlaceholderTexture.uexp" 924
"../../../Engine/Content/EditorLandscapeResources/SplineEditorMeshMat.uasset" 925
"../../../Engine/Content/EditorLandscapeResources/SplineEditorMeshMat.uexp" 926
"../../../Engine/Content/EditorLandscapeResources/SplineEditorMesh.ubulk" 927
"../../../Engine/Content/EditorLandscapeResources/SplineEditorMesh.uasset" 928
"../../../Engine/Content/EditorLandscapeResources/SplineEditorMesh.uexp" 929
"../../../Engine/Content/BasicShapes/Plane.ubulk" 930
"../../../Engine/Content/BasicShapes/Plane.uasset" 931
"../../../Engine/Content/BasicShapes/Plane.uexp" 932
"../../../Engine/Content/BasicShapes/Cylinder.ubulk" 933
"../../../Engine/Content/BasicShapes/Cylinder.uasset" 934
"../../../Engine/Content/BasicShapes/Cylinder.uexp" 935
"../../../Engine/Content/BasicShapes/Cone.ubulk" 936
"../../../Engine/Content/BasicShapes/Cone.uasset" 937
"../../../Engine/Content/BasicShapes/Cone.uexp" 938
"../../../Engine/Plugins/Interchange/Assets/Content/gltf/Textures/T_White_srgb.uasset" 939
"../../../Engine/Plugins/Interchange/Assets/Content/gltf/Textures/T_White_srgb.uexp" 940
"../../../Engine/Plugins/Interchange/Assets/Content/gltf/MaterialFunctions/MF_BaseColor.uasset" 941
"../../../Engine/Plugins/Interchange/Assets/Content/gltf/MaterialFunctions/MF_BaseColor.uexp" 942
"../../../Engine/Plugins/Interchange/Assets/Content/gltf/MaterialFunctions/MF_RotateV2.uasset" 943
"../../../Engine/Plugins/Interchange/Assets/Content/gltf/MaterialFunctions/MF_RotateV2.uexp" 944
"../../../Engine/Plugins/Interchange/Assets/Content/gltf/MaterialFunctions/MF_TransformUVs.uasset" 945
"../../../Engine/Plugins/Interchange/Assets/Content/gltf/MaterialFunctions/MF_TransformUVs.uexp" 946
"../../../Engine/Plugins/Interchange/Assets/Content/gltf/MaterialBodies/MF_Unlit_Body.uasset" 947
"../../../Engine/Plugins/Interchange/Assets/Content/gltf/MaterialBodies/MF_Unlit_Body.uexp" 948
"../../../Engine/Plugins/Interchange/Assets/Content/gltf/M_Unlit.uasset" 949
"../../../Engine/Plugins/Interchange/Assets/Content/gltf/M_Unlit.uexp" 950
"../../../Engine/Plugins/Interchange/Assets/Content/gltf/MaterialInstances/MI_Unlit_Opaque_DS.uasset" 951
"../../../Engine/Plugins/Interchange/Assets/Content/gltf/MaterialInstances/MI_Unlit_Opaque_DS.uexp" 952
"../../../Engine/Plugins/Interchange/Assets/Content/gltf/MaterialInstances/MI_Unlit_Opaque.uasset" 953
"../../../Engine/Plugins/Interchange/Assets/Content/gltf/MaterialInstances/MI_Unlit_Opaque.uexp" 954
"../../../Engine/Plugins/Interchange/Assets/Content/gltf/MaterialInstances/MI_Unlit_Mask_DS.uasset" 955
"../../../Engine/Plugins/Interchange/Assets/Content/gltf/MaterialInstances/MI_Unlit_Mask_DS.uexp" 956
"../../../Engine/Plugins/Interchange/Assets/Content/gltf/MaterialInstances/MI_Unlit_Mask.uasset" 957
"../../../Engine/Plugins/Interchange/Assets/Content/gltf/MaterialInstances/MI_Unlit_Mask.uexp" 958
"../../../Engine/Plugins/Interchange/Assets/Content/gltf/MaterialInstances/MI_Unlit_Blend_DS.uasset" 959
"../../../Engine/Plugins/Interchange/Assets/Content/gltf/MaterialInstances/MI_Unlit_Blend_DS.uexp" 960
"../../../Engine/Plugins/Interchange/Assets/Content/gltf/MaterialInstances/MI_Unlit_Blend.uasset" 961
"../../../Engine/Plugins/Interchange/Assets/Content/gltf/MaterialInstances/MI_Unlit_Blend.uexp" 962
"../../../Engine/Content/EngineMaterials/Good64x64TilingNoiseHighFreq.uasset" 963
"../../../Engine/Content/EngineMaterials/Good64x64TilingNoiseHighFreq.uexp" 964
"../../../Engine/Content/Functions/Engine_MaterialFunctions02/Texturing/ScreenAlignedPixelToPixelUVs.uasset" 965
"../../../Engine/Content/Functions/Engine_MaterialFunctions02/Texturing/ScreenAlignedPixelToPixelUVs.uexp" 966
"../../../Engine/Plugins/Interchange/Assets/Content/gltf/MaterialFunctions/MF_Temporal_Blur.uasset" 967
"../../../Engine/Plugins/Interchange/Assets/Content/gltf/MaterialFunctions/MF_Temporal_Blur.uexp" 968
"../../../Engine/Plugins/Interchange/Assets/Content/gltf/MaterialFunctions/MF_Specular.uasset" 969
"../../../Engine/Plugins/Interchange/Assets/Content/gltf/MaterialFunctions/MF_Specular.uexp" 970
"../../../Engine/Plugins/Interchange/Assets/Content/gltf/Textures/T_Anisotropy_Direction_Linear.uasset" 971
"../../../Engine/Plugins/Interchange/Assets/Content/gltf/Textures/T_Anisotropy_Direction_Linear.uexp" 972
"../../../Engine/Plugins/Interchange/Assets/Content/gltf/MaterialFunctions/MF_SpecularAnisotropy.uasset" 973
"../../../Engine/Plugins/Interchange/Assets/Content/gltf/MaterialFunctions/MF_SpecularAnisotropy.uexp" 974
"../../../Engine/Plugins/Interchange/Assets/Content/gltf/Textures/T_White_Linear.uasset" 975
"../../../Engine/Plugins/Interchange/Assets/Content/gltf/Textures/T_White_Linear.uexp" 976
"../../../Engine/Plugins/Interchange/Assets/Content/gltf/MaterialFunctions/MF_MetallicRoughness.uasset" 977
"../../../Engine/Plugins/Interchange/Assets/Content/gltf/MaterialFunctions/MF_MetallicRoughness.uexp" 978
"../../../Engine/Plugins/Interchange/Assets/Content/gltf/Textures/T_Generic_N.uasset" 979
"../../../Engine/Plugins/Interchange/Assets/Content/gltf/Textures/T_Generic_N.uexp" 980
"../../../Engine/Plugins/Interchange/Assets/Content/gltf/MaterialFunctions/MF_ScaleNormal.uasset" 981
"../../../Engine/Plugins/Interchange/Assets/Content/gltf/MaterialFunctions/MF_ScaleNormal.uexp" 982
"../../../Engine/Plugins/Interchange/Assets/Content/gltf/MaterialFunctions/MF_Fresnel_DS.uasset" 983
"../../../Engine/Plugins/Interchange/Assets/Content/gltf/MaterialFunctions/MF_Fresnel_DS.uexp" 984
"../../../Engine/Plugins/Interchange/Assets/Content/gltf/MaterialFunctions/MF_Iridescence.uasset" 985
"../../../Engine/Plugins/Interchange/Assets/Content/gltf/MaterialFunctions/MF_Iridescence.uexp" 986
"../../../Engine/Plugins/Interchange/Assets/Content/gltf/MaterialFunctions/MF_Occlusion.uasset" 987
"../../../Engine/Plugins/Interchange/Assets/Content/gltf/MaterialFunctions/MF_Occlusion.uexp" 988
"../../../Engine/Plugins/Interchange/Assets/Content/gltf/MaterialFunctions/MF_IOR.uasset" 989
"../../../Engine/Plugins/Interchange/Assets/Content/gltf/MaterialFunctions/MF_IOR.uexp" 990
"../../../Engine/Plugins/Interchange/Assets/Content/gltf/MaterialFunctions/MF_Transmission.uasset" 991
"../../../Engine/Plugins/Interchange/Assets/Content/gltf/MaterialFunctions/MF_Transmission.uexp" 992
"../../../Engine/Plugins/Interchange/Assets/Content/gltf/MaterialFunctions/MF_RotateNormals_TS.uasset" 993
"../../../Engine/Plugins/Interchange/Assets/Content/gltf/MaterialFunctions/MF_RotateNormals_TS.uexp" 994
"../../../Engine/Plugins/Interchange/Assets/Content/gltf/MaterialFunctions/MF_Normals.uasset" 995
"../../../Engine/Plugins/Interchange/Assets/Content/gltf/MaterialFunctions/MF_Normals.uexp" 996
"../../../Engine/Plugins/Interchange/Assets/Content/gltf/MaterialBodies/MF_Transmission_Body.uasset" 997
"../../../Engine/Plugins/Interchange/Assets/Content/gltf/MaterialBodies/MF_Transmission_Body.uexp" 998
"../../../Engine/Plugins/Interchange/Assets/Content/gltf/M_Transmission.uasset" 999
"../../../Engine/Plugins/Interchange/Assets/Content/gltf/M_Transmission.uexp" 1000
"../../../Engine/Plugins/Interchange/Assets/Content/gltf/MaterialInstances/MI_Transmission_DS.uasset" 1001
"../../../Engine/Plugins/Interchange/Assets/Content/gltf/MaterialInstances/MI_Transmission_DS.uexp" 1002
"../../../Engine/Plugins/Interchange/Assets/Content/gltf/MaterialInstances/MI_Transmission.uasset" 1003
"../../../Engine/Plugins/Interchange/Assets/Content/gltf/MaterialInstances/MI_Transmission.uexp" 1004
"../../../Engine/Content/Functions/Engine_MaterialFunctions02/Math/AddComponents.uasset" 1005
"../../../Engine/Content/Functions/Engine_MaterialFunctions02/Math/AddComponents.uexp" 1006
"../../../Engine/Plugins/Interchange/Assets/Content/gltf/MaterialFunctions/MF_DiffuseSpecGloss.uasset" 1007
"../../../Engine/Plugins/Interchange/Assets/Content/gltf/MaterialFunctions/MF_DiffuseSpecGloss.uexp" 1008
"../../../Engine/Plugins/Interchange/Assets/Content/gltf/MaterialFunctions/MF_Emissive.uasset" 1009
"../../../Engine/Plugins/Interchange/Assets/Content/gltf/MaterialFunctions/MF_Emissive.uexp" 1010
"../../../Engine/Plugins/Interchange/Assets/Content/gltf/MaterialFunctions/MF_PerceivedBrightness.uasset" 1011
"../../../Engine/Plugins/Interchange/Assets/Content/gltf/MaterialFunctions/MF_PerceivedBrightness.uexp" 1012
"../../../Engine/Plugins/Interchange/Assets/Content/gltf/MaterialFunctions/MF_SpecGlossToMetalRoughness.uasset" 1013
"../../../Engine/Plugins/Interchange/Assets/Content/gltf/MaterialFunctions/MF_SpecGlossToMetalRoughness.uexp" 1014
"../../../Engine/Plugins/Interchange/Assets/Content/gltf/MaterialFunctions/MF_MaxComponentValue.uasset" 1015
"../../../Engine/Plugins/Interchange/Assets/Content/gltf/MaterialFunctions/MF_MaxComponentValue.uexp" 1016
"../../../Engine/Plugins/Interchange/Assets/Content/gltf/MaterialBodies/MF_SpecularGlossiness_Body.uasset" 1017
"../../../Engine/Plugins/Interchange/Assets/Content/gltf/MaterialBodies/MF_SpecularGlossiness_Body.uexp" 1018
"../../../Engine/Plugins/Interchange/Assets/Content/gltf/M_SpecularGlossiness.uasset" 1019
"../../../Engine/Plugins/Interchange/Assets/Content/gltf/M_SpecularGlossiness.uexp" 1020
"../../../Engine/Plugins/Interchange/Assets/Content/gltf/MaterialInstances/MI_SpecularGlossiness_Opaque_DS.uasset" 1021
"../../../Engine/Plugins/Interchange/Assets/Content/gltf/MaterialInstances/MI_SpecularGlossiness_Opaque_DS.uexp" 1022
"../../../Engine/Plugins/Interchange/Assets/Content/gltf/MaterialInstances/MI_SpecularGlossiness_Opaque.uasset" 1023
"../../../Engine/Plugins/Interchange/Assets/Content/gltf/MaterialInstances/MI_SpecularGlossiness_Opaque.uexp" 1024
"../../../Engine/Plugins/Interchange/Assets/Content/gltf/MaterialInstances/MI_SpecularGlossiness_Mask_DS.uasset" 1025
"../../../Engine/Plugins/Interchange/Assets/Content/gltf/MaterialInstances/MI_SpecularGlossiness_Mask_DS.uexp" 1026
"../../../Engine/Plugins/Interchange/Assets/Content/gltf/MaterialInstances/MI_SpecularGlossiness_Mask.uasset" 1027
"../../../Engine/Plugins/Interchange/Assets/Content/gltf/MaterialInstances/MI_SpecularGlossiness_Mask.uexp" 1028
"../../../Engine/Plugins/Interchange/Assets/Content/gltf/MaterialInstances/MI_SpecularGlossiness_Blend_DS.uasset" 1029
"../../../Engine/Plugins/Interchange/Assets/Content/gltf/MaterialInstances/MI_SpecularGlossiness_Blend_DS.uexp" 1030
"../../../Engine/Plugins/Interchange/Assets/Content/gltf/MaterialInstances/MI_SpecularGlossiness_Blend.uasset" 1031
"../../../Engine/Plugins/Interchange/Assets/Content/gltf/MaterialInstances/MI_SpecularGlossiness_Blend.uexp" 1032
"../../../Engine/Plugins/Interchange/Assets/Content/gltf/MaterialFunctions/MF_Sheen.uasset" 1033
"../../../Engine/Plugins/Interchange/Assets/Content/gltf/MaterialFunctions/MF_Sheen.uexp" 1034
"../../../Engine/Plugins/Interchange/Assets/Content/gltf/MaterialBodies/MF_Sheen_Body.uasset" 1035
"../../../Engine/Plugins/Interchange/Assets/Content/gltf/MaterialBodies/MF_Sheen_Body.uexp" 1036
"../../../Engine/Plugins/Interchange/Assets/Content/gltf/M_Sheen.uasset" 1037
"../../../Engine/Plugins/Interchange/Assets/Content/gltf/M_Sheen.uexp" 1038
"../../../Engine/Plugins/Interchange/Assets/Content/gltf/MaterialInstances/MI_Sheen_Opaque_DS.uasset" 1039
"../../../Engine/Plugins/Interchange/Assets/Content/gltf/MaterialInstances/MI_Sheen_Opaque_DS.uexp" 1040
"../../../Engine/Plugins/Interchange/Assets/Content/gltf/MaterialInstances/MI_Sheen_Opaque.uasset" 1041
"../../../Engine/Plugins/Interchange/Assets/Content/gltf/MaterialInstances/MI_Sheen_Opaque.uexp" 1042
"../../../Engine/Plugins/Interchange/Assets/Content/gltf/MaterialInstances/MI_Sheen_Mask_DS.uasset" 1043
"../../../Engine/Plugins/Interchange/Assets/Content/gltf/MaterialInstances/MI_Sheen_Mask_DS.uexp" 1044
"../../../Engine/Plugins/Interchange/Assets/Content/gltf/MaterialInstances/MI_Sheen_Mask.uasset" 1045
"../../../Engine/Plugins/Interchange/Assets/Content/gltf/MaterialInstances/MI_Sheen_Mask.uexp" 1046
"../../../Engine/Plugins/Interchange/Assets/Content/gltf/MaterialInstances/MI_Sheen_Blend_DS.uasset" 1047
"../../../Engine/Plugins/Interchange/Assets/Content/gltf/MaterialInstances/MI_Sheen_Blend_DS.uexp" 1048
"../../../Engine/Plugins/Interchange/Assets/Content/gltf/MaterialInstances/MI_Sheen_Blend.uasset" 1049
"../../../Engine/Plugins/Interchange/Assets/Content/gltf/MaterialInstances/MI_Sheen_Blend.uexp" 1050
"../../../Engine/Plugins/Interchange/Assets/Content/gltf/MaterialBodies/MF_Default_Body.uasset" 1051
"../../../Engine/Plugins/Interchange/Assets/Content/gltf/MaterialBodies/MF_Default_Body.uexp" 1052
"../../../Engine/Plugins/Interchange/Assets/Content/gltf/M_Default.uasset" 1053
"../../../Engine/Plugins/Interchange/Assets/Content/gltf/M_Default.uexp" 1054
"../../../Engine/Plugins/Interchange/Assets/Content/gltf/MaterialInstances/MI_Default_Opaque_DS.uasset" 1055
"../../../Engine/Plugins/Interchange/Assets/Content/gltf/MaterialInstances/MI_Default_Opaque_DS.uexp" 1056
"../../../Engine/Plugins/Interchange/Assets/Content/gltf/MaterialInstances/MI_Default_Opaque.uasset" 1057
"../../../Engine/Plugins/Interchange/Assets/Content/gltf/MaterialInstances/MI_Default_Opaque.uexp" 1058
"../../../Engine/Plugins/Interchange/Assets/Content/gltf/MaterialInstances/MI_Default_Mask_DS.uasset" 1059
"../../../Engine/Plugins/Interchange/Assets/Content/gltf/MaterialInstances/MI_Default_Mask_DS.uexp" 1060
"../../../Engine/Plugins/Interchange/Assets/Content/gltf/MaterialInstances/MI_Default_Mask.uasset" 1061
"../../../Engine/Plugins/Interchange/Assets/Content/gltf/MaterialInstances/MI_Default_Mask.uexp" 1062
"../../../Engine/Plugins/Interchange/Assets/Content/gltf/MaterialInstances/MI_Default_Blend_DS.uasset" 1063
"../../../Engine/Plugins/Interchange/Assets/Content/gltf/MaterialInstances/MI_Default_Blend_DS.uexp" 1064
"../../../Engine/Plugins/Interchange/Assets/Content/gltf/MaterialInstances/MI_Default_Blend.uasset" 1065
"../../../Engine/Plugins/Interchange/Assets/Content/gltf/MaterialInstances/MI_Default_Blend.uexp" 1066
"../../../Engine/Content/Functions/Engine_MaterialFunctions01/Texturing/FlattenNormal.uasset" 1067
"../../../Engine/Content/Functions/Engine_MaterialFunctions01/Texturing/FlattenNormal.uexp" 1068
"../../../Engine/Plugins/Interchange/Assets/Content/gltf/MaterialFunctions/MF_Clearcoat.uasset" 1069
"../../../Engine/Plugins/Interchange/Assets/Content/gltf/MaterialFunctions/MF_Clearcoat.uexp" 1070
"../../../Engine/Plugins/Interchange/Assets/Content/gltf/MaterialBodies/MF_ClearCoat_Body.uasset" 1071
"../../../Engine/Plugins/Interchange/Assets/Content/gltf/MaterialBodies/MF_ClearCoat_Body.uexp" 1072
"../../../Engine/Plugins/Interchange/Assets/Content/gltf/M_ClearCoat.uasset" 1073
"../../../Engine/Plugins/Interchange/Assets/Content/gltf/M_ClearCoat.uexp" 1074
"../../../Engine/Plugins/Interchange/Assets/Content/gltf/MaterialInstances/MI_ClearCoat_Opaque_DS.uasset" 1075
"../../../Engine/Plugins/Interchange/Assets/Content/gltf/MaterialInstances/MI_ClearCoat_Opaque_DS.uexp" 1076
"../../../Engine/Plugins/Interchange/Assets/Content/gltf/MaterialInstances/MI_ClearCoat_Opaque.uasset" 1077
"../../../Engine/Plugins/Interchange/Assets/Content/gltf/MaterialInstances/MI_ClearCoat_Opaque.uexp" 1078
"../../../Engine/Plugins/Interchange/Assets/Content/gltf/MaterialInstances/MI_ClearCoat_Mask_DS.uasset" 1079
"../../../Engine/Plugins/Interchange/Assets/Content/gltf/MaterialInstances/MI_ClearCoat_Mask_DS.uexp" 1080
"../../../Engine/Plugins/Interchange/Assets/Content/gltf/MaterialInstances/MI_ClearCoat_Mask.uasset" 1081
"../../../Engine/Plugins/Interchange/Assets/Content/gltf/MaterialInstances/MI_ClearCoat_Mask.uexp" 1082
"../../../Engine/Plugins/Interchange/Assets/Content/gltf/MaterialInstances/MI_ClearCoat_Blend_DS.uasset" 1083
"../../../Engine/Plugins/Interchange/Assets/Content/gltf/MaterialInstances/MI_ClearCoat_Blend_DS.uexp" 1084
"../../../Engine/Plugins/Interchange/Assets/Content/gltf/MaterialInstances/MI_ClearCoat_Blend.uasset" 1085
"../../../Engine/Plugins/Interchange/Assets/Content/gltf/MaterialInstances/MI_ClearCoat_Blend.uexp" 1086
"../../../Engine/Content/VREditor/TransformGizmo/Main.uasset" 1087
"../../../Engine/Content/VREditor/TransformGizmo/Main.uexp" 1088
"../../../Engine/Content/VREditor/TransformGizmo/Xray.uasset" 1089
"../../../Engine/Content/VREditor/TransformGizmo/Xray.uexp" 1090
"../../../Engine/Content/VREditor/TransformGizmo/SM_Sequencer_Node.ubulk" 1091
"../../../Engine/Content/VREditor/TransformGizmo/SM_Sequencer_Node.uasset" 1092
"../../../Engine/Content/VREditor/TransformGizmo/SM_Sequencer_Node.uexp" 1093
"../../../Engine/Content/VREditor/LaserPointer/VR_LaserPower_01.ubulk" 1094
"../../../Engine/Content/VREditor/LaserPointer/VR_LaserPower_01.uasset" 1095
"../../../Engine/Content/VREditor/LaserPointer/VR_LaserPower_01.uexp" 1096
"../../../Engine/Content/VREditor/TransformGizmo/TransformGizmoMaterial.uasset" 1097
"../../../Engine/Content/VREditor/TransformGizmo/TransformGizmoMaterial.uexp" 1098
"../../../Engine/Content/VREditor/TransformGizmo/TranslucentTransformGizmoMaterial.uasset" 1099
"../../../Engine/Content/VREditor/TransformGizmo/TranslucentTransformGizmoMaterial.uexp" 1100
"../../../Engine/Content/VREditor/TransformGizmo/BoundingBoxEdge.ubulk" 1101
"../../../Engine/Content/VREditor/TransformGizmo/BoundingBoxEdge.uasset" 1102
"../../../Engine/Content/VREditor/TransformGizmo/BoundingBoxEdge.uexp" 1103
"../../../Engine/Content/VREditor/TransformGizmo/BoundingBoxCorner.ubulk" 1104
"../../../Engine/Content/VREditor/TransformGizmo/BoundingBoxCorner.uasset" 1105
"../../../Engine/Content/VREditor/TransformGizmo/BoundingBoxCorner.uexp" 1106
"../../../Engine/Content/EngineSky/VolumetricClouds/T_CloudMask.ubulk" 1107
"../../../Engine/Content/EngineSky/VolumetricClouds/T_CloudMask.uasset" 1108
"../../../Engine/Content/EngineSky/VolumetricClouds/T_CloudMask.uexp" 1109
"../../../Engine/Content/EngineSky/VolumetricClouds/VT_Lightning.uasset" 1110
"../../../Engine/Content/EngineSky/VolumetricClouds/VT_Lightning.uexp" 1111
"../../../Engine/Content/EngineSky/VolumetricClouds/T_Profile_08.ubulk" 1112
"../../../Engine/Content/EngineSky/VolumetricClouds/T_Profile_08.uasset" 1113
"../../../Engine/Content/EngineSky/VolumetricClouds/T_Profile_08.uexp" 1114
"../../../Engine/Content/Functions/Engine_MaterialFunctions02/Utility/MakeFloat4.uasset" 1115
"../../../Engine/Content/Functions/Engine_MaterialFunctions02/Utility/MakeFloat4.uexp" 1116
"../../../Engine/Content/Functions/Engine_MaterialFunctions01/Units/Km-to-Cm.uasset" 1117
"../../../Engine/Content/Functions/Engine_MaterialFunctions01/Units/Km-to-Cm.uexp" 1118
"../../../Engine/Content/Functions/Engine_MaterialFunctions02/Utility/BreakOutFloat4Components.uasset" 1119
"../../../Engine/Content/Functions/Engine_MaterialFunctions02/Utility/BreakOutFloat4Components.uexp" 1120
"../../../Engine/Content/EngineSky/VolumetricClouds/T_CloudPattern.ubulk" 1121
"../../../Engine/Content/EngineSky/VolumetricClouds/T_CloudPattern.uasset" 1122
"../../../Engine/Content/EngineSky/VolumetricClouds/T_CloudPattern.uexp" 1123
"../../../Engine/Content/EngineSky/VolumetricClouds/VT_PerlinWorley_Balanced.uasset" 1124
"../../../Engine/Content/EngineSky/VolumetricClouds/VT_PerlinWorley_Balanced.uexp" 1125
"../../../Engine/Content/EngineSky/VolumetricClouds/m_SimpleVolumetricCloud.uasset" 1126
"../../../Engine/Content/EngineSky/VolumetricClouds/m_SimpleVolumetricCloud.uexp" 1127
"../../../Engine/Content/EngineSky/VolumetricClouds/m_SimpleVolumetricCloud_Inst.uasset" 1128
"../../../Engine/Content/EngineSky/VolumetricClouds/m_SimpleVolumetricCloud_Inst.uexp" 1129
"../../../Engine/Content/EditorMaterials/Camera/CineMat.uasset" 1130
"../../../Engine/Content/EditorMaterials/Camera/CineMat.uexp" 1131
"../../../Engine/Content/EditorMaterials/Camera/MI_CineMat_Rig.uasset" 1132
"../../../Engine/Content/EditorMaterials/Camera/MI_CineMat_Rig.uexp" 1133
"../../../Engine/Content/EditorMeshes/Camera/SM_RailRig_Track.ubulk" 1134
"../../../Engine/Content/EditorMeshes/Camera/SM_RailRig_Track.uasset" 1135
"../../../Engine/Content/EditorMeshes/Camera/SM_RailRig_Track.uexp" 1136
"../../../Engine/Content/EditorMeshes/Camera/SM_RailRig_Mount.ubulk" 1137
"../../../Engine/Content/EditorMeshes/Camera/SM_RailRig_Mount.uasset" 1138
"../../../Engine/Content/EditorMeshes/Camera/SM_RailRig_Mount.uexp" 1139
"../../../Engine/Content/EditorMeshes/Camera/SM_CraneRig_Mount.ubulk" 1140
"../../../Engine/Content/EditorMeshes/Camera/SM_CraneRig_Mount.uasset" 1141
"../../../Engine/Content/EditorMeshes/Camera/SM_CraneRig_Mount.uexp" 1142
"../../../Engine/Content/EditorMeshes/Camera/SM_CraneRig_Body.ubulk" 1143
"../../../Engine/Content/EditorMeshes/Camera/SM_CraneRig_Body.uasset" 1144
"../../../Engine/Content/EditorMeshes/Camera/SM_CraneRig_Body.uexp" 1145
"../../../Engine/Content/EditorMeshes/Camera/SM_CraneRig_Base.ubulk" 1146
"../../../Engine/Content/EditorMeshes/Camera/SM_CraneRig_Base.uasset" 1147
"../../../Engine/Content/EditorMeshes/Camera/SM_CraneRig_Base.uexp" 1148
"../../../Engine/Content/EditorMeshes/Camera/SM_CraneRig_Arm.ubulk" 1149
"../../../Engine/Content/EditorMeshes/Camera/SM_CraneRig_Arm.uasset" 1150
"../../../Engine/Content/EditorMeshes/Camera/SM_CraneRig_Arm.uexp" 1151
"../../../Engine/Content/EngineMaterials/Substrate/GLints2/AGlintTex2dArray2.uasset" 1152
"../../../Engine/Content/EngineMaterials/Substrate/GLints2/AGlintTex2dArray2.uexp" 1153
"../../../Engine/Content/EngineMaterials/Substrate/GLints/AGlintTex2dArray.uasset" 1154
"../../../Engine/Content/EngineMaterials/Substrate/GLints/AGlintTex2dArray.uexp" 1155
"../../../Engine/Content/ArtTools/RenderToTexture/Meshes/S_1_Unit_Plane.ubulk" 1156
"../../../Engine/Content/ArtTools/RenderToTexture/Meshes/S_1_Unit_Plane.uasset" 1157
"../../../Engine/Content/ArtTools/RenderToTexture/Meshes/S_1_Unit_Plane.uexp" 1158
"../../../Engine/Plugins/NNE/NNEDenoiser/Content/NNE_oidn2-3-0_rt_hdr_calb_cnrm_large__dyn__fp16_opset11_ForwardAlpha.uasset" 1159
"../../../Engine/Plugins/NNE/NNEDenoiser/Content/NNE_oidn2-3-0_rt_hdr_calb_cnrm_large__dyn__fp16_opset11_ForwardAlpha.uexp" 1160
"../../../Engine/Plugins/NNE/NNEDenoiser/Content/NNE_oidn2-3-0_rt_hdr_calb_cnrm_large__dyn__fp16_opset11_DenoiseAlpha.uasset" 1161
"../../../Engine/Plugins/NNE/NNEDenoiser/Content/NNE_oidn2-3-0_rt_hdr_calb_cnrm_large__dyn__fp16_opset11_DenoiseAlpha.uexp" 1162
"../../../Engine/Plugins/NNE/NNEDenoiser/Content/NNE_oidn2-3-0_rt_hdr_alb_nrm__dyn__fp16_opset11_ForwardAlpha.uasset" 1163
"../../../Engine/Plugins/NNE/NNEDenoiser/Content/NNE_oidn2-3-0_rt_hdr_alb_nrm__dyn__fp16_opset11_ForwardAlpha.uexp" 1164
"../../../Engine/Plugins/NNE/NNEDenoiser/Content/NNE_oidn2-3-0_rt_hdr_alb_nrm__dyn__fp16_opset11_DenoiseAlpha.uasset" 1165
"../../../Engine/Plugins/NNE/NNEDenoiser/Content/NNE_oidn2-3-0_rt_hdr_alb_nrm__dyn__fp16_opset11_DenoiseAlpha.uexp" 1166
"../../../Engine/Plugins/NNE/NNEDenoiser/Content/NNE_oidn2-3-0_rt_hdr_alb_nrm_small__dyn__fp16_opset11_ForwardAlpha.uasset" 1167
"../../../Engine/Plugins/NNE/NNEDenoiser/Content/NNE_oidn2-3-0_rt_hdr_alb_nrm_small__dyn__fp16_opset11_ForwardAlpha.uexp" 1168
"../../../Engine/Plugins/NNE/NNEDenoiser/Content/NNE_oidn2-3-0_rt_hdr_alb_nrm_small__dyn__fp16_opset11_DenoiseAlpha.uasset" 1169
"../../../Engine/Plugins/NNE/NNEDenoiser/Content/NNE_oidn2-3-0_rt_hdr_alb_nrm_small__dyn__fp16_opset11_DenoiseAlpha.uexp" 1170
"../../../Engine/Plugins/NNE/NNEDenoiser/Content/NNED_Oidn2-3_HighQuality_Alpha.uasset" 1171
"../../../Engine/Plugins/NNE/NNEDenoiser/Content/NNED_Oidn2-3_HighQuality_Alpha.uexp" 1172
"../../../Engine/Plugins/NNE/NNEDenoiser/Content/NNED_Oidn2-3_HighQuality.uasset" 1173
"../../../Engine/Plugins/NNE/NNEDenoiser/Content/NNED_Oidn2-3_HighQuality.uexp" 1174
"../../../Engine/Plugins/NNE/NNEDenoiser/Content/NNED_Oidn2-3_Fast_Alpha.uasset" 1175
"../../../Engine/Plugins/NNE/NNEDenoiser/Content/NNED_Oidn2-3_Fast_Alpha.uexp" 1176
"../../../Engine/Plugins/NNE/NNEDenoiser/Content/NNED_Oidn2-3_Fast.uasset" 1177
"../../../Engine/Plugins/NNE/NNEDenoiser/Content/NNED_Oidn2-3_Fast.uexp" 1178
"../../../Engine/Plugins/NNE/NNEDenoiser/Content/NNED_Oidn2-3_Balanced_Alpha.uasset" 1179
"../../../Engine/Plugins/NNE/NNEDenoiser/Content/NNED_Oidn2-3_Balanced_Alpha.uexp" 1180
"../../../Engine/Plugins/NNE/NNEDenoiser/Content/NNED_Oidn2-3_Balanced.uasset" 1181
"../../../Engine/Plugins/NNE/NNEDenoiser/Content/NNED_Oidn2-3_Balanced.uexp" 1182
"../../../Engine/Plugins/NNE/NNEDenoiser/Content/NNEDT_Oidn2-3_Balanced_Alpha.uasset" 1183
"../../../Engine/Plugins/NNE/NNEDenoiser/Content/NNEDT_Oidn2-3_Balanced_Alpha.uexp" 1184
"../../../Engine/Plugins/NNE/NNEDenoiser/Content/NNEDT_Oidn2-3_Balanced.uasset" 1185
"../../../Engine/Plugins/NNE/NNEDenoiser/Content/NNEDT_Oidn2-3_Balanced.uexp" 1186
"../../../Engine/Plugins/Animation/DeformerGraph/Content/Deformers/DG_LinearBlendSkin_Morph_Cloth_RecomputeNormals.uasset" 1187
"../../../Engine/Plugins/Animation/DeformerGraph/Content/Deformers/DG_LinearBlendSkin_Morph_Cloth_RecomputeNormals.uexp" 1188
"../../../Engine/Plugins/Animation/DeformerGraph/Content/Deformers/DG_LinearBlendSkin_Morph_Cloth.uasset" 1189
"../../../Engine/Plugins/Animation/DeformerGraph/Content/Deformers/DG_LinearBlendSkin_Morph_Cloth.uexp" 1190
"../../../Engine/Plugins/Animation/DeformerGraph/Content/DeformerFunctions/DG_Function_LinearBlendSkin_Morph_Cloth_PositionOnly.uasset" 1191
"../../../Engine/Plugins/Animation/DeformerGraph/Content/DeformerFunctions/DG_Function_LinearBlendSkin_Morph_Cloth_PositionOnly.uexp" 1192
"../../../Engine/Plugins/Animation/DeformerGraph/Content/DeformerFunctions/DG_Function_LinearBlendSkin_Morph_Cloth.uasset" 1193
"../../../Engine/Plugins/Animation/DeformerGraph/Content/DeformerFunctions/DG_Function_LinearBlendSkin_Morph_Cloth.uexp" 1194
"../../../Engine/Plugins/Animation/DeformerGraph/Content/DeformerFunctions/DG_Function_ComputeNormalsTangents.uasset" 1195
"../../../Engine/Plugins/Animation/DeformerGraph/Content/DeformerFunctions/DG_Function_ComputeNormalsTangents.uexp" 1196
"../../../Engine/Content/VREditor/TransformGizmo/StartRotationHandleIndicator.ubulk" 1197
"../../../Engine/Content/VREditor/TransformGizmo/StartRotationHandleIndicator.uasset" 1198
"../../../Engine/Content/VREditor/TransformGizmo/StartRotationHandleIndicator.uexp" 1199
"../../../Engine/Content/VREditor/Sounds/UI/Drop_Item_From_ContentBrowser.ubulk" 1200
"../../../Engine/Content/VREditor/Sounds/UI/Drop_Item_From_ContentBrowser.uasset" 1201
"../../../Engine/Content/VREditor/Sounds/UI/Drop_Item_From_ContentBrowser.uexp" 1202
"../../../Engine/Content/VREditor/TransformGizmo/PlaneTranslationHandle.ubulk" 1203
"../../../Engine/Content/VREditor/TransformGizmo/PlaneTranslationHandle.uasset" 1204
"../../../Engine/Content/VREditor/TransformGizmo/PlaneTranslationHandle.uexp" 1205
"../../../Engine/Content/VREditor/Sounds/UI/Object_Snaps_To_Grid.ubulk" 1206
"../../../Engine/Content/VREditor/Sounds/UI/Object_Snaps_To_Grid.uasset" 1207
"../../../Engine/Content/VREditor/Sounds/UI/Object_Snaps_To_Grid.uexp" 1208
"../../../Engine/Content/VREditor/Sounds/UI/Selection_Changes.ubulk" 1209
"../../../Engine/Content/VREditor/Sounds/UI/Selection_Changes.uasset" 1210
"../../../Engine/Content/VREditor/Sounds/UI/Selection_Changes.uexp" 1211
"../../../Engine/Content/VREditor/Sounds/UI/Object_Snaps_To_Another_Actor.ubulk" 1212
"../../../Engine/Content/VREditor/Sounds/UI/Object_Snaps_To_Another_Actor.uasset" 1213
"../../../Engine/Content/VREditor/Sounds/UI/Object_Snaps_To_Another_Actor.uexp" 1214
"../../../Engine/Content/VREditor/TransformGizmo/TranslucentTransformGizmoMaterial_Inst.uasset" 1215
"../../../Engine/Content/VREditor/TransformGizmo/TranslucentTransformGizmoMaterial_Inst.uexp" 1216
"../../../Engine/Content/VREditor/TransformGizmo/TransformGizmoFreeRotation.ubulk" 1217
"../../../Engine/Content/VREditor/TransformGizmo/TransformGizmoFreeRotation.uasset" 1218
"../../../Engine/Content/VREditor/TransformGizmo/TransformGizmoFreeRotation.uexp" 1219
"../../../Engine/Content/VREditor/Sounds/UI/Scaling_Down.ubulk" 1220
"../../../Engine/Content/VREditor/Sounds/UI/Scaling_Down.uasset" 1221
"../../../Engine/Content/VREditor/Sounds/UI/Scaling_Down.uexp" 1222
"../../../Engine/Content/Functions/Engine_MaterialFunctions02/SplitComponents.uasset" 1223
"../../../Engine/Content/Functions/Engine_MaterialFunctions02/SplitComponents.uexp" 1224
"../../../Engine/Content/VREditor/SnapGrid/SnapGridMaterial.uasset" 1225
"../../../Engine/Content/VREditor/SnapGrid/SnapGridMaterial.uexp" 1226
"../../../Engine/Content/VREditor/SnapGrid/SnapGridPlaneMesh.ubulk" 1227
"../../../Engine/Content/VREditor/SnapGrid/SnapGridPlaneMesh.uasset" 1228
"../../../Engine/Content/VREditor/SnapGrid/SnapGridPlaneMesh.uexp" 1229
"../../../Engine/Content/VREditor/Sounds/UI/Scaling_Up.ubulk" 1230
"../../../Engine/Content/VREditor/Sounds/UI/Scaling_Up.uasset" 1231
"../../../Engine/Content/VREditor/Sounds/UI/Scaling_Up.uexp" 1232
"../../../Engine/Content/VREditor/TransformGizmo/TransformGizmoMaterial_Inst.uasset" 1233
"../../../Engine/Content/VREditor/TransformGizmo/TransformGizmoMaterial_Inst.uexp" 1234
"../../../Engine/Content/VREditor/Sounds/UI/Gizmo_Handle_Clicked.ubulk" 1235
"../../../Engine/Content/VREditor/Sounds/UI/Gizmo_Handle_Clicked.uasset" 1236
"../../../Engine/Content/VREditor/Sounds/UI/Gizmo_Handle_Clicked.uexp" 1237
"../../../Engine/Content/VREditor/TransformGizmo/RotationHandleQuarter.ubulk" 1238
"../../../Engine/Content/VREditor/TransformGizmo/RotationHandleQuarter.uasset" 1239
"../../../Engine/Content/VREditor/TransformGizmo/RotationHandleQuarter.uexp" 1240
"../../../Engine/Content/VREditor/TransformGizmo/TranslateArrowHandle.ubulk" 1241
"../../../Engine/Content/VREditor/TransformGizmo/TranslateArrowHandle.uasset" 1242
"../../../Engine/Content/VREditor/TransformGizmo/TranslateArrowHandle.uexp" 1243
"../../../Engine/Content/VREditor/TransformGizmo/RotationHandleIndicator.ubulk" 1244
"../../../Engine/Content/VREditor/TransformGizmo/RotationHandleIndicator.uasset" 1245
"../../../Engine/Content/VREditor/TransformGizmo/RotationHandleIndicator.uexp" 1246
"../../../Engine/Content/VREditor/TransformGizmo/UniformScaleHandle.ubulk" 1247
"../../../Engine/Content/VREditor/TransformGizmo/UniformScaleHandle.uasset" 1248
"../../../Engine/Content/VREditor/TransformGizmo/UniformScaleHandle.uexp" 1249
"../../../Engine/Content/VREditor/TransformGizmo/RotationHandleFull.ubulk" 1250
"../../../Engine/Content/VREditor/TransformGizmo/RotationHandleFull.uasset" 1251
"../../../Engine/Content/VREditor/TransformGizmo/RotationHandleFull.uexp" 1252
"../../../Engine/Content/VREditor/Sounds/UI/Object_PickUp.ubulk" 1253
"../../../Engine/Content/VREditor/Sounds/UI/Object_PickUp.uasset" 1254
"../../../Engine/Content/VREditor/Sounds/UI/Object_PickUp.uexp" 1255
"../../../Engine/Content/EngineResources/LandscapeVisibilityLayerInfo.uasset" 1256
"../../../Engine/Content/EngineResources/LandscapeVisibilityLayerInfo.uexp" 1257
"../../../Engine/Plugins/FX/Niagara/Content/DefaultAssets/DefaultSpriteMaterial.uasset" 1258
"../../../Engine/Plugins/FX/Niagara/Content/DefaultAssets/DefaultSpriteMaterial.uexp" 1259
"C:/Users/User/Desktop/UE_251025/Content/Effects/Textures/Rocks/ultkedqjw_4K_Normal_LOD0.uasset" 1260
"C:/Users/User/Desktop/UE_251025/Content/Effects/Textures/Rocks/ultkedqjw_4K_Normal_LOD0.uexp" 1261
"C:/Users/User/Desktop/UE_251025/Content/Effects/Textures/Rocks/ultkedqjw_4K_Albedo.uasset" 1262
"C:/Users/User/Desktop/UE_251025/Content/Effects/Textures/Rocks/ultkedqjw_4K_Albedo.uexp" 1263
"C:/Users/User/Desktop/UE_251025/Content/Effects/Textures/Rocks/ultkedqjw_4K_Roughness.uasset" 1264
"C:/Users/User/Desktop/UE_251025/Content/Effects/Textures/Rocks/ultkedqjw_4K_Roughness.uexp" 1265
"C:/Users/User/Desktop/UE_251025/Content/Effects/Textures/Rocks/WhiteSquareTexture.uasset" 1266
"C:/Users/User/Desktop/UE_251025/Content/Effects/Textures/Rocks/WhiteSquareTexture.uexp" 1267
"C:/Users/User/Desktop/UE_251025/Content/Effects/Materials/Meshes/M_FX_Hardsurface_Transparent.uasset" 1268
"C:/Users/User/Desktop/UE_251025/Content/Effects/Materials/Meshes/M_FX_Hardsurface_Transparent.uexp" 1269
"C:/Users/User/Desktop/UE_251025/Content/Effects/Materials/Sparks/Instances/MI_Sparks_Dust.uasset" 1270
"C:/Users/User/Desktop/UE_251025/Content/Effects/Materials/Sparks/Instances/MI_Sparks_Dust.uexp" 1271
"C:/Users/User/Desktop/UE_251025/Content/Effects/Materials/Meshes/M_FX_Hardsurface_Masked.uasset" 1272
"C:/Users/User/Desktop/UE_251025/Content/Effects/Materials/Meshes/M_FX_Hardsurface_Masked.uexp" 1273
"C:/Users/User/Desktop/UE_251025/Content/Effects/Meshes/Rocks/ultkedqjw_LOD7.ubulk" 1274
"C:/Users/User/Desktop/UE_251025/Content/Effects/Meshes/Rocks/ultkedqjw_LOD7.uasset" 1275
"C:/Users/User/Desktop/UE_251025/Content/Effects/Meshes/Rocks/ultkedqjw_LOD7.uexp" 1276
"C:/Users/User/Desktop/UE_251025/Content/Effects/DataChannels/ImpactDataChannel.uasset" 1277
"C:/Users/User/Desktop/UE_251025/Content/Effects/DataChannels/ImpactDataChannel.uexp" 1278
"C:/Users/User/Desktop/UE_251025/Content/Effects/Textures/General/textureNoise.ubulk" 1279
"C:/Users/User/Desktop/UE_251025/Content/Effects/Textures/General/textureNoise.uasset" 1280
"C:/Users/User/Desktop/UE_251025/Content/Effects/Textures/General/textureNoise.uexp" 1281
"../../../Engine/Content/Functions/Engine_MaterialFunctions02/HueShift.uasset" 1282
"../../../Engine/Content/Functions/Engine_MaterialFunctions02/HueShift.uexp" 1283
"C:/Users/User/Desktop/UE_251025/Content/Effects/Materials/BlastGraphics/M_ParticleBlast.uasset" 1284
"C:/Users/User/Desktop/UE_251025/Content/Effects/Materials/BlastGraphics/M_ParticleBlast.uexp" 1285
"C:/Users/User/Desktop/UE_251025/Content/Effects/Particles/Impacts/NS_ImpactDataChannel.uasset" 1286
"C:/Users/User/Desktop/UE_251025/Content/Effects/Particles/Impacts/NS_ImpactDataChannel.uexp" 1287
"C:/Users/User/Desktop/UE_251025/Content/Blueprints/Widgets/Unreal.uasset" 1288
"C:/Users/User/Desktop/UE_251025/Content/Blueprints/Widgets/Unreal.uexp" 1289
"C:/Users/User/Desktop/UE_251025/Content/Blueprints/Widgets/WBP_Title.uasset" 1290
"C:/Users/User/Desktop/UE_251025/Content/Blueprints/Widgets/WBP_Title.uexp" 1291
"C:/Users/User/Desktop/UE_251025/Content/Title.uexp" 1292
"C:/Users/User/Desktop/UE_251025/Content/Title.umap" 1293
"../../../Engine/Content/Maps/Entry_BuiltData.uasset" 1294
"../../../Engine/Content/Maps/Entry_BuiltData.uexp" 1295
"../../../Engine/Content/Maps/Entry.uexp" 1296
"../../../Engine/Content/Maps/Entry.umap" 1297
